Term,Freq
verlaten land,3
afschaffing van de douanerechten,5
abortus,6
absolute meerderheid,9
machtsmisbruik,12
vrijheid van onderwijs,13
toetredingscriteria,14
toetreding tot een akkoord,16
toegang tot het beroepsleven,18
toegang tot het onderwijs,19
toegang tot de informatie,21
toegang tot de rechtspleging,22
toevallige vervuiling,23
ongeval thuis,24
ongevallenpreventie,25
rekening,26
boekhouder,27
boekhouding,28
boekhoudkundige afschrijving,29
boekhoudsysteem,30
zuur,32
verzuring,33
zure regen,34
klacht inzake bestuurlijke geschillen,45
beroep door het personeel,46
beroep tot nietigverklaring,47
beroep wegens nalatigheid,49
beroep wegens niet-nakomen,50
actieprogramma,51
vordering tot administratieve aansprakelijkheid,52
verslag over de werkzaamheden,54
bijstelling van de financiële vooruitzichten,55
aanpassing aan de klimaatverandering,56
toegevoegde waarde,57
aanvullende uitkering,58
aanvullende middelen,60
kleefmiddel,61
commissie ad hoc,62
zetel van de administratie,66
bestuurlijke autonomie,68
administratief wetboek,69
administratiefrechtelijke overeenkomst,71
administratief toezicht,72
administratieve samenwerking,73
administratieve rechtspraak,74
huishoudelijke uitgave,75
administratieve formaliteit,77
bestuursrecht,78
administratieve overtreding,80
besluit,81
administratief beroep,82
administratieve bevoegdheid,83
administratieve procedure,84
administratieve hervorming,85
bestuurlijke verantwoordelijkheid,86
administratieve sanctie,87
administratieve wetenschap,88
administratieve organisatie,89
administratieve voogdij,90
openbaarheid van het bestuur,91
administratieve indeling,92
administrateur,93
ontvankelijkheid,94
toelating van vreemdelingen,95
toelating tot het examen,96
aangenomen kind,98
adoptie,100
goedkeuring van de wet,101
goedkeuring van de begroting,102
volwassene,107
onderwijs voor volwassenen,108
kasvoorschot,109
geavanceerd materiaal,110
vooruitbetaling,112
stemming bij anticipatie,113
reclame,114
reclamebudget,115
misleidende reclame,116
consultatieve bevoegdheid,118
koolzuurhoudende drank,121
aërodynamica,122
luchtvaartindustrie,123
aërosol,124
ruimtevaartindustrie,125
plastische chirurgie,127
geassocieerde handel,129
bebossing,130
service,139
discriminatie op grond van leeftijd,140
agentschap in het buitenland,141
agenda,143
meerderjarigheid,144
verzwarende omstandigheid,145
agrarisch recht,146
landbouwhervorming,147
landbouwvoorlichting,150
landbouwgebied met milieubeperkingen,151
landbouwbedrijfsgebouw,153
agrarisch bijproduct,154
landbouwtelling,155
landbouwcoöperatie,156
landbouwkrediet,157
landbouweconomie,159
landbouwonderwijs,160
landbouwuitgaven,162
landbouwgereedschap,165
landbouwarbeidskrachten,167
landbouwgrond,168
landbouwheffing,169
landbouwmachine,170
landbouwmarkt,171
landbouwbeleid,173
landbouwproduct,174
landbouwproductie,175
landbouwproductiviteit,177
nomenclatuur van landbouwproducten,178
landbouwgebied,181
vertegenwoordigingsorgaan voor de landbouw,182
situatie van de landbouw,183
landbouwstatistiek,184
landbouwstructuur,185
handel in landbouwproducten,187
landbouwafval,189
landbouw en voeding,193
monetair landbouwbeleid,194
industriële verbouw,197
landbouwindustrie,198
landbouwkundig onderzoek,199
evaluatie van de steun,201
steun voor herstructurering,202
hulp in natura,203
steun per hectare,204
hulpbeleid,205
hulpprogramma,206
ontvanger van hulp,207
steunstelsel,209
steun aan de landbouw,210
steun aan de industrie,213
steun aan ondernemingen,215
vliegtuig,218
luchtvloot,220
luchtkussenvoertuig,221
luchtmacht,222
luchthaven,226
veiligheid van het luchtverkeer,227
luchtruim,228
luchtverkeer,229
luchtverkeersleiding,230
luchtvervoer,231
alcohol,237
alcoholhoudende drank,238
wieren,242
allergie,245
verdeelsleutel,246
bestemming van cultuurgronden,247
toewijzing van middelen,248
zetelverdeling,249
arbeidsverdeling,250
vergoedingen en onkosten,251
legering,252
plaatsvervanger,255
alternatieve landbouwproductie,256
alternatieve geschillenbeslechting,257
alternatieve beleggingsinstelling,258
zachte geneeskunde,259
vervangende straf,260
civiele dienst,261
alternatief gebruik van een landbouwproduct,262
aluminium,263
gewijzigde begroting,265
amendement,266
amorf materiaal,272
afschrijving,273
amfibie,274
gevolgenanalyse,275
analytische chemie,276
anatomie,278
klassieke geschiedenis,279
anhydride,288
dierlijke reproductie,289
proefneming met dieren,291
dierlijk vet,292
veevoeder,293
gezondheid van dieren,294
leukose bij dieren,295
fauna,296
voederen van dieren,297
dierlijke olie,298
dierlijk product,300
dierlijke productie,301
dierlijk eiwit,302
dierlijke reserves,303
classificatie van dieren,306
welzijn van dieren,308
kandidaatstelling,309
antibioticum,313
antidumpingwetgeving,317
antidumpingmaatregel,318
antimicrobiële resistentie,322
antimoon,324
voorziening tegen vervuiling,326
antisemitisme,328
antisubsidieprocedure,329
antitrustwetgeving,330
apartheid,333
bijenteelt,336
rechtsmiddel,338
beroep voor particulieren,339
beroep in administratieve zaken,340
toepassing van de wet,344
toegepast onderzoek,345
toegepaste wetenschappen,346
benoeming van de leden,347
harmonisatie van de wetgevingen,353
harmonisatie van het beleid,354
aquatisch ecosysteem,357
aquatisch milieu,358
akkerland,366
financiële arbitrage,372
arbitrage,373
arbitragebeding,374
archeologie,376
archipel,377
architectuur,379
archief,380
ruimtelijk beheer,384
bedrijfsoppervlakte,386
krijgsmacht,391
wapenbeheersing,394
wapenhandel,399
aromatische plant,400
indeling van de werktijd,401
arrestatie,402
artistieke vorming,403
synthetische levensmiddelenkleurstof,404
kunstmatige inseminatie,405
kunstmatige intelligentie,406
kunstmatige voortplanting,407
artistieke schepping,409
beroep in de kunst,410
kunsten,411
handel in kunstvoorwerpen,412
asbest,415
productie aan de lopende band,426
controle van de kennis,428
taxatie van de prijzen,429
assistent,431
meewerkende echtgenoot,432
burgerlijk geding,433
geassocieerd land,434
vereniging,435
associatieovereenkomst,436
vereniging van lagere overheden,440
asymmetrische oorlog,444
atlas,448
atmosfeer,449
atmosferische omstandigheden,450
luchtverontreinigende stof,451
luchtverontreiniging,452
atoom,453
veiling,457
audiovisueel beleid,459
audiovisuele coproductie,460
audiovisueel document,461
audiovisueel materiaal,462
audiovisuele industrie,463
audiovisuele piraterij,464
audiovisuele productie,465
audiovisueel programma,466
audit,467
verificatie van de rekeningen,468
toegestane vangst,472
automaat,475
automatisering,476
autonome gemeenschap,478
autonomie,482
hulpkracht,485
aanbod van energie,486
beschikbaarheid van energie,487
vogelgriep,489
vliegtuigbrandstof,490
luchtvaartbeveiliging,491
openbare aanbesteding,492
belasting naar aantal assen,493
asdruk,494
gerechtelijke achterstand,499
weer en wind,502
gerechtsdeurwaarder,505
bakkerij,506
betalingsbalans,507
financiële steun,508
deficitaire balans,509
balans,510
ballistische raket,514
bank,520
bankkosten,521
bankactiviteit,524
bankbeleid,525
beroep in het bankwezen,526
bankgeheim,527
banksysteem,529
faillissement,530
staaf,532
aak,535
gerst,537
ruilhandel,539
elementair onderwijs,540
levensbehoeften,541
basisprijs,542
basisonderzoek,543
belastinggrondslag,545
zwemwater,548
bauxiet,549
beer,551
lager,552
rundvlees,553
rund,554
bier,555
bietsuiker,556
benchmarking,563
beryllium,569
drank,571
drankenindustrie,572
bibliografie,574
big data,576
bilaterale overeenkomst,578
bilaterale hulp,579
bilaterale betrekking,580
biochemie,582
biologische afbreekbaarheid,585
biodiversiteit,586
bio-energie,587
bio-ethiek,588
biobrandstof,589
biogas,590
biologische norm,593
biologisch wapen,594
biologie,595
biomassa,596
biosfeer,600
biotechnologie,601
biotoop,602
vogel,604
geboorteregeling,605
bismut,609
bitumineus materiaal,611
tweekleppig weekdier,612
blanco stem,615
blog,618
bloedtransfusie,620
arbeider,621
schimmelkaas,622
kostschool,623
raad van bestuur,624
bedrijfsleiding,625
verwarmingsketel,627
obligatie,633
spaanplaat,634
uitgebeend vlees,635
boekensector,638
grenscontrole,639
boreaal bos,641
plantkunde,646
gebottelde wijn,649
bottelen,650
boviene spongiforme encefalopathie,652
braindrain,656
filiaal,657
bedrijfstak,658
handelsmerk,660
onschendbaarheid van de woning,664
misbruik van vertrouwen,665
brood,666
broodbereiding,667
kweekreactor,669
fokdier,670
baksteen,673
brug,675
uitgezonden videografie,682
makelaar,683
broom,684
browser,685
brucellose,686
boekweit,690
begroting,694
wijziging van de begroting,696
raming van de begroting,697
begrotingsnomenclatuur,698
begrotingscontrole,699
budgettaire samenwerking,700
kwijting van de begroting,701
budgettair evenwicht,703
begrotingsprocedure,706
budgettaire middelen,708
uitgaven stabiliserende maatregel,710
begrotingsrecht,711
begrotingstekort,712
begrotingsraming,713
financiering van de begroting,714
begrotingsbeleid,715
buffelvlees,717
buffervoorraad,718
gebouw,719
bouwnijverheid,720
isolatie van gebouwen,721
bouwmaterialen,722
bouwvergunning,723
bouwterrein,724
bouwvoorschriften,725
veiligheid van gebouwen,726
technische voorzieningen van gebouwen,727
steun aan de bouwnijverheid,730
agglomeratie,732
onverpakt product,735
stier,736
autobus,745
bedrijf,746
bedrijfseconomie,747
bedrijfsbeheerssysteem,749
huurcontract van een winkel,751
vestigen van een bedrijf,752
bedrijfsbeheer,753
economische ethiek,754
handelsnaam,755
bedrijvenpark,756
ondernemingsbeleid,757
oprichting van een onderneming,758
bedrijfsbelasting,759
zakelijk toerisme,760
busstation,761
butaan,762
boter,763
butteroil,764
bijvangst,767
tussentijdse verkiezing,768
bijproduct,769
vervoer per kabel,772
cadmium,774
calcium,780
kalf,781
kamperen,785
kanker,789
kandidaat,790
rietsuiker,791
bevoegdheid om overeenkomsten te sluiten,795
handelingsbekwaamheid,796
handelingsbevoegdheid,797
hoofdstad,799
kapitaalvermindering,800
belasting op de meerwaarde,801
kapitaalgoed,802
kapitaalvermeerdering,803
kapitaalmarkt,804
kapitaaloverdracht,806
overdrachtsbelasting,807
koolstof,809
karkas,811
kankerverwekkende stof,812
verzorgingsuitkering,814
zorg voor ouderen,815
bescherming van moeder en kind,816
vrachtschip,818
tapijten,826
vervoer voor rekening van derden,827
goederenvervoer,828
reizigersvervoer,829
vervoerder,830
laadvermogen,831
kartel,834
cartografie,835
jurisprudentie,836
cashflow,839
maniok,842
gietijzer,845
ricinus,846
incidenteel werk,847
catalogus,848
catalogisering,849
vangstgebied,851
vangst per soort,852
visvangst,853
vangstquota,854
beroep in de horecasector,857
rundvee,859
staakt-het-vuren,867
cellulose,871
cement,872
begraafplaats,873
censuur,875
telling,876
centrale bank,888
centrale overheid,893
centralisatie van de informatie,896
spilkoers,899
keramiek,907
graanvlokken,908
meel van graan,909
graanproduct,911
certificaat van oorsprong,916
hertachtige,917
opheffing van een landbouwbedrijf,918
opheffing van de zaak,919
verschoning,924
champagne,926
omscholing,928
verandering van politiek stelsel,929
houtskool,932
tenlastelegging,933
heffing van gelijke werking,934
heffingen op vervoersinfrastructuur,935
charteren,936
kaas,939
kaasmakerij,940
chemisch ongeval,941
chemische alcohol,942
chemische verbinding,943
chemisch element,944
kunstmest,945
chemische industrie,946
chemische verontreiniging,947
chemisch procédé,948
chemisch product,949
chemisch zout,950
wetgeving inzake chemische producten,951
chemisch afval,952
chemisch wapen,953
scheikunde,954
cheque,955
kind,956
kinderarbeid,958
kinderpornografie,960
kinderbescherming,961
chloor,967
gekozen technologie,968
chroom,972
chronische ziekte,973
kerk,974
cider,976
cif-prijs,977
film,978
rondschrijven,979
circulaire economie,980
citrusfruit,985
burgerluchtvaart,989
faillissement in civiel recht,990
burgerlijk wetboek,991
burgerbescherming,992
bouwkunde,994
burgerpersoneel,995
slachtoffer onder burgerbevolking,996
beschaving,997
burgerlijk recht,998
civiele aansprakelijkheid,999
aansprakelijkheidsvordering,1000
burgerlijke rechtsvordering,1001
burgerlijke procedure,1002
bevolkingsregister,1003
burgerschapsrechten,1004
ambtenaar,1005
overheidsapparaat,1007
civiele samenleving,1009
burgerlijke stand,1010
geregistreerd samenwonen,1011
burgeroorlog,1012
schuldvordering,1013
illegale werknemer,1014
classificatie,1015
beschermd bos,1016
mechanisme voor schone ontwikkeling,1018
wasserij,1019
schone technologie,1020
compensatieovereenkomst,1021
ontginning,1022
klimaat,1024
beleid inzake klimaatverandering,1026
klimatologie,1028
klonen,1030
sluiting van de rekeningen,1031
kledingstuk,1032
kledingindustrie,1033
klaver,1035
steenkool,1037
koolstofchemie,1038
steenkoolindustrie,1039
verwerking van steenkool,1042
kustgebied,1045
kobalt,1046
cacao,1047
inspraakprocedure,1048
gedragscode,1049
codering,1052
koffie,1053
cofinanciering,1054
ongehuwd samenleven,1055
cokes,1058
koelinstallatie,1059
koude oorlog,1060
collectieve arbeidsovereenkomst,1063
collectieve onderhandeling,1064
collectief ontslag,1065
collectieve boerderij,1066
algemeen belang,1067
collectief geheugen,1068
collectief verhaal,1069
gecombineerd vervoer,1078
verbrandingsgas,1079
strip,1082
comitologie,1083
herdenkingsplechtigheid,1084
nota van toelichting,1085
handelsbank,1087
commerciële rechtspraak,1090
commerciële landbouw,1092
handelsrecht,1093
commerciële media,1094
bedrijfsvoertuig,1096
commissionair,1097
aangaan van betalingsverplichtingen,1100
enquêtecommissie,1102
commissieverslag,1103
markt van basisproducten,1105
prijs van basisproducten,1107
gemeenschappelijk landbouwbeleid,1108
gemeenschappelijk handelsbeleid,1109
gemeenschappelijk douanetarief,1110
gemeenschappelijk visserijbeleid,1111
gemeenschappelijk buitenlands en veiligheidsbeleid,1112
gemeenschappelijk fonds,1114
common law,1116
gemeenschappelijke markt,1117
gemeenschappelijke marktordening,1119
gemeenschappelijk standpunt,1121
gemeenschappelijk prijsbeleid,1122
gemeenschappelijke strategie,1124
gemeenschappelijk tariefbeleid,1125
gemeenschappelijk vervoersbeleid,1126
zachte tarwe,1129
communicatie-industrie,1131
communicatie in de praktijk,1132
communicatiebeleid,1133
beroep in de communicatiesector,1134
communicatiesysteem,1135
gemeenschapsvoorzieningen,1143
niet-commerciële vennootschap,1160
groei van de onderneming,1161
onderneming in moeilijkheden,1162
vennootschapsrecht,1163
vennoot,1164
modernisering van de onderneming,1165
research binnen de onderneming,1166
structuur van de onderneming,1167
kapitaalvennootschap,1168
vergelijkende reclame,1169
vergelijkend onderzoek,1170
vergelijkend onderwijs,1171
vergelijkend recht,1172
vergelijkende studie,1173
compenserende financiering,1174
institutionele bevoegdheid,1175
concurrentie,1177
concurrentiebeleid,1180
concurrentievermogen,1181
complementariteit van het handelsverkeer,1184
medeplichtigheid,1186
samengesteld materiaal,1187
akkoordprocedure,1188
samenstelling van een parlementaire commissie,1189
samenstelling van de bevolking,1191
schoolplicht,1192
verplichte uitgave,1193
verplichte verzekering,1194
gedwongen sparen,1195
stemplicht,1196
computer,1197
toegepaste informatica,1198
computerondersteunde fabricage,1200
desktop publishing,1201
computercriminaliteit,1203
gegevensverwerkende installatie,1204
computernetwerk,1205
informatica,1208
gecondenseerde melk,1211
geconcentreerd product,1212
machtsconcentratie,1214
concessiehouder,1217
overlegprocedure,1218
beton,1220
kruiderij,1221
leiden van een vergadering,1223
suikerwaren,1225
vertrouwelijkheid,1231
verbeurdverklaring van goederen,1232
belangenconflict,1234
conflictpreventie,1237
aangeboren ziekte,1238
conglomeraat van bedrijven,1239
gewetensbezwaar,1245
goedkeuringsprocedure,1246
bescherming van de visbestanden,1247
bescherming van hulpbronnen,1248
geconsolideerde rekening,1251
consortium,1253
grondwet,1255
constitutionele rechtspraak,1256
grondwettelijk recht,1257
herziening van de grondwet,1259
bouwkosten,1260
bouwmaterieel,1261
consulaat,1263
advies en inspectie,1264
raadpleging van informatie,1265
raadplegingsprocedure,1266
consument,1267
consumentengedrag,1268
consumptief krediet,1270
consumptieve vraag,1271
consumptiegoederen,1272
consumentenvoorlichting,1273
motivatie van de consument,1275
consumentenorganisatie,1276
consumentenbeleid,1277
bescherming van de consument,1279
onderzoek naar de consumptie,1281
verbruik,1282
consumptieve bestedingen,1283
container,1285
hedendaagse geschiedenis,1286
aangrenzende zone,1287
continentaal plat,1289
permanente educatie,1290
voortdurende bijscholing,1291
continuproductie,1292
contract,1295
vervoersovereenkomst,1297
personeel op contractbasis,1298
clausule,1299
contractuele aansprakelijkheid,1300
geleide economie,1301
toezicht op de communicatie,1302
conventioneel wapen,1306
omrekeningskoers,1308
omschakeling op tuinbouw,1310
samenwerkingsovereenkomst,1312
samenwerking in binnenlandse aangelegenheden,1314
samenwerking op onderwijsgebied,1315
samenwerking op landbouwgebied,1316
samenwerkingsbeleid,1317
samenwerkingsprocedure,1318
coöperatie,1319
coöperatieve bank,1320
coördinatie van de steunmaatregelen,1321
coördinatie van financieringen,1323
koper,1325
auteursrecht,1327
uitzondering op het auteursrecht,1328
kurk,1330
leiding van een onderneming,1333
sociale verantwoordelijkheid van ondernemingen,1334
vennootschapsbelasting,1335
correspondentie,1338
corrosie,1339
corruptie,1340
cosmetisch product,1343
cosmetische industrie,1344
kostenanalyse,1347
kosten-batenanalyse,1349
kostenefficiëntieanalyse,1350
kostenberekening,1351
kredietkosten,1352
kapitaalkosten,1353
kosten van levensonderhoud,1354
kosten door verontreiniging,1355
kostprijs,1356
katoen,1359
valsemunterij,1370
compenserende heffing,1372
telling van de stemmen,1373
bescherming van het landschap,1376
graafschap,1377
buitengewone rechtbank,1399
scheidsrechtspraak,1400
burgerlijke rechtspraak,1401
rechtspraak,1404
koe,1406
kaas van koeienmelk,1407
ambachtelijke productie,1409
room,1411
krediet,1413
kredietgarantie,1415
kredietinstelling,1416
kredietverzekering,1417
kredietbeleid,1418
aankoop op krediet,1419
kredietrating,1420
verkoop op krediet,1421
overschrijving,1422
coöperatieve kredietinstelling,1423
varend en vliegend personeel,1425
criminaliteit,1426
misdaad tegen de menselijkheid,1427
misdaad tegen de personen,1428
strafrechtspraak,1431
gerechtelijke politie,1432
strafrecht,1433
strafrechtelijke aansprakelijkheid,1434
criminele verwaarlozing,1435
strafprocedure,1436
strafrechtelijke procedure,1437
strafrechtelijke aansprakelijkheid van minderjarigen,1439
criminologie,1440
crisisbeheersing,1441
verloren gaan van de oogst,1443
verzorging van het gewas,1444
plantaardige productie,1445
wisselbouw,1446
landbouwopbrengst,1447
grensoverschrijdende samenwerking,1448
grensoverschrijdende dimensie,1449
grensoverschrijdende gegevensstroom,1451
ruwe aardolie,1454
wrede en onterende behandeling,1455
schaaldieren,1456
teelt van schaaldieren,1457
codering van informatie,1458
landbouwtechniek,1461
teelt onder plastic,1462
culturele samenwerking,1463
cultureel verschil,1464
culturele manifestatie,1465
culturele uitsluiting,1466
culturele geografie,1467
cultureel erfgoed,1468
culturele identiteit,1469
culturele beweging,1470
cultuurgoed,1471
culturele organisatie,1472
culturele verscheidenheid,1473
cultuurbeleid,1474
culturele prijs,1475
bevordering van culturele activiteiten,1476
culturele betrekking,1477
cultuur,1479
cultuurindustrie,1480
cumuleren van pensioenen,1481
monetaire aanpassing,1483
monetaire zone,1484
convertibiliteit,1485
hoederecht,1486
gewoonterecht,1487
klantenkring,1488
douane,1489
gebruiken en tradities,1490
douanesamenwerking,1491
douaneschuld,1492
terugbetaling van de douanerechten,1494
douanerechten,1495
douanecontrole,1499
douaneregeling,1500
douaneregelingen,1502
douanetarief,1503
transito,1505
douane-unie,1506
douanewaarde,1507
douane-entrepot,1508
fiets en bromfiets,1511
fietspad,1512
conjuncturele werkloosheid,1514
cycloon,1515
cytologie,1518
melkkoe,1521
melkveehouderij,1522
roomijs,1523
zuivelindustrie,1524
melkproductie,1525
schade,1527
schadevergoeding,1528
gevaarlijke stof,1530
gegevensbank,1532
database management system,1533
verzamelen van gegevens,1534
gegevensverwerking,1535
gegevensbescherming,1537
invoer van gegevens,1538
datatransmissie,1539
betalingstermijn,1540
wederverkoper,1541
dood,1542
uitkering bij overlijden,1543
doodstraf,1544
schuld,1545
vermindering van de schuld,1546
decentralisatie,1547
gedecentraliseerde samenwerking,1548
beslissing,1550
besluitvorming,1552
stillegging van een centrale,1557
zuivering,1558
decoratieartikel,1559
decreet,1560
aftrek vooraf,1561
diepvriezen,1563
diepvriesproduct,1564
visserij op volle zee,1565
eerroof,1566
gebrekkig product,1567
defensiebeleid,1570
ontbossing,1574
achteruitgang van het milieu,1575
graad van verontreiniging,1576
dehydratatie,1577
gedelegeerd besluit,1578
gedelegeerde richtlijn,1579
gedelegeerde wetgeving,1580
gedelegeerde verordening,1581
delegatie van bevoegdheid,1582
francoprijs,1585
levering,1586
splitsing van onderneming,1587
democratie,1589
democratisch deficit,1590
democratisering,1593
democratisering van het onderwijs,1594
demografische analyse,1595
demografie,1596
degradatie van een werknemer,1597
denatureren,1598
tandheelkunde,1601
tandarts,1602
depolitisering,1607
ontvolking,1608
gedeporteerde,1609
giraal geld,1610
ontzetting uit de rechten,1612
deregulering,1615
afstamming,1617
woestijn,1618
woestijnvorming,1619
gedroogd product,1620
gereserveerde arbeidsplaats,1621
aanduiding van herkomst,1622
ontwerp en model,1623
bestemming,1624
vernietiging van de gewassen,1625
voorlopige hechtenis,1626
afschrikking,1627
devaluatie,1628
ontwikkelingsland,1629
ontwikkelingshulp,1630
ontwikkelingsbank,1632
ontwikkelingsplan,1633
ontwikkelingsbeleid,1634
ontwikkelingspotentieel,1635
ontwikkelingsgebied,1636
diabetes,1639
woordenboek,1642
woordenboek van afkortingen,1643
dieselmotor,1644
gasolie,1645
invoering van vernieuwingen,1647
digitaal archiveren,1648
digitaal contract,1649
digitale kloof,1650
digitale cultuur,1652
beheer van digitale rechten,1653
digitale eengemaakte markt,1654
digitale technologie,1655
digitalisering,1656
diploma,1658
diplomatieke onschendbaarheid,1659
personeel in diplomatieke dienst,1660
diplomatieke bescherming,1661
diplomatiek protocol,1662
diplomatieke betrekking,1663
diplomatieke vertegenwoordiging,1664
rechtstreekse toepasselijkheid,1665
directe kosten,1666
directe democratie,1667
directe investering,1668
richtlijn,1669
directe verkoop,1673
directe belasting,1674
invaliditeitsverzekering,1675
gehandicapte,1676
ontwapening,1678
afgekeurde vangst,1680
tuchtprocedure,1682
doorgeven van informatie,1683
disconto,1684
discontovoet,1685
discretionaire macht,1688
discriminatie op grond van een handicap,1689
discriminatie op grond van nationaliteit,1690
discriminatie op grond van seksuele geaardheid,1691
discriminerende prijs,1692
ziekte van het zenuwstelsel,1693
voorkoming van ziekten,1694
desinformatie,1696
ontslag,1697
bekendmaking,1698
verspreiding van de cultuur,1700
informatieverspreiding,1702
onderwijs op afstand,1705
distillatie,1707
handelsonderneming,1708
leeftijdsverdeling,1709
verdeling naar geslacht,1710
distributiekosten,1711
spreiding van de hulpverlening,1712
inkomensverdeling,1714
verdeling van de productie,1715
verdeling van de belasting,1717
verdeling van de stemmen,1718
verdeling van de rijkdom,1719
verdeling per hoofd beroepsbevolking,1720
commerciële distributie,1721
distributeur,1722
diversificatie van de uitvoer,1724
verkaveling,1725
indeling in kiesdistricten,1726
verdeling van de bevoegdheden,1727
echtscheiding,1729
gescheiden persoon,1730
dokter,1734
document,1735
verwerving van documentatie,1736
documentair krediet,1737
registratie van documenten,1738
documentair hulpmiddel,1739
documentatie,1740
indexeren van teksten,1743
documentenbeheer,1744
opslag van documenten,1746
dolfijn,1750
huisdier,1751
binnenlands verbruik,1752
binnenlandse markt,1753
binnenlands beleid,1754
nationaal product,1755
binnenlandse handel,1756
huiselijk geweld,1757
huishoudelijk afval,1758
machtspositie,1759
gift,1762
donorland,1763
verkoop aan huis,1764
dubbele belasting,1766
invoer per lijn,1767
ontwerp-begroting,1768
drainage,1771
opstellen van de begroting,1773
baggeren,1775
droog product,1777
boren,1778
boormateriaal,1779
consumptiemelk,1780
drinkwater,1781
bestuurder,1782
rijbewijs,1784
besturingsinrichting,1785
rijtijd,1786
voortijdige schoolverlating,1788
droogte,1789
farmaceutische nomenclatuur,1792
inspectie van geneesmiddelen,1793
handel in verdovende middelen,1794
dubbele nationaliteit,1796
goederen voor dubbel gebruik,1797
technologie voor dubbel gebruik,1798
dumping,1800
in zee storten van afvalstoffen,1801
duurzame goederen,1802
harde tarwe,1803
stof,1804
plichten van de ambtenaar,1805
belastingvrije verkoop,1806
kleurstof,1807
vroegste kinderjaren,1824
vervroegde verkiezing,1825
vervroegd pensioen,1827
aarde en gesteenten,1830
ecologisch evenwicht,1863
ecotoerisme,1864
ecologie,1866
ecologische beweging,1867
econometrie,1869
economische activiteit,1871
economisch aggregaat,1872
economische overeenkomst,1873
economische hulp,1874
economische analyse,1875
economische en sociale samenhang,1878
economische concentratie,1881
economische toestand,1882
economisch gevolg,1883
conjuncturele voorraad,1884
economische convergentie,1885
economische omschakeling,1886
economische samenwerking,1887
economische kringloop,1888
economische ontwikkeling,1889
discriminatie op grond van economische situatie,1890
economische ongelijkheid,1891
economische fluctuatie,1892
economische prognose,1893
economische geografie,1894
economische groei,1896
economische onafhankelijkheid,1897
economische indicator,1898
economische infrastructuur,1899
economisch instrument voor het milieu,1900
economische integratie,1901
economische informatievergaring,1902
wederzijdse economische afhankelijkheid,1903
economisch model,1906
economisch delict,1907
economische planning,1908
economisch beleid,1909
economische prioriteit,1910
economische recessie,1911
economische wederopbouw,1912
economisch herstel,1913
economische hervorming,1914
economisch gebied,1915
economische betrekking,1916
economische hulpbron,1917
economische rechten,1918
economische wetenschap,1919
economische sanctie,1920
economische sector,1921
economische situatie,1922
econoom,1923
economische stabilisatie,1924
economische stagnatie,1925
economische statistiek,1926
economische structuur,1927
economische steun,1928
economisch onderzoek,1929
economisch stelsel,1930
loskomen uit economische stagnatie,1931
economisch overgangsproces,1932
economische unie,1933
economische waarde,1934
kostenbesparing door schaalvergroting,1935
economie,1936
ecosysteem,1939
opleiding,1956
onderwijsinstelling,1960
onderwijssysteem,1963
kosten van onderwijs,1965
studietoelage,1966
onderwijs voor buitenlanders,1967
onderwijs onder toezicht,1968
onderwijsbeleid,1969
ei,1981
eiproduct,1982
bejaarde,1986
verkiezing,1987
verkiezingscampagne,1988
kosten van de verkiezingen,1990
financiering van een verkiezing,1991
toezicht op de verkiezingen,1992
verkiezingsfraude,1998
kiesrecht,1999
hervorming van het kiesstelsel,2001
kiezerslijst,2002
kiesstelsel,2003
elektrische energie,2005
elektrotechnische industrie,2006
elektrisch materiaal,2007
elektrische industrie,2008
elektrisch procédé,2009
elektrische kabel,2010
elektrische accumulator,2011
elektriciteitsvoorziening,2012
elektrische machine,2013
elektrisch voertuig,2014
elektromagnetisch materiaal,2016
elektromagnetische schadelijke invloed,2017
elektronische handel,2020
elektronisch onderdeel,2021
elektronisch apparaat,2022
elektronisch document,2023
elektronisch document management,2024
elektronische uitrusting,2025
digitaal spel,2026
elektronische overheid,2027
elektronische post,2028
elektronisch betaalmiddel,2029
elektronisch publiceren,2030
elektronica,2031
elektronische handtekening,2032
elektronische industrie,2033
elektronische stemming,2034
elektronisch afval,2035
elektrotechniek,2036
ontvankelijkheidscriterium,2037
subsidiabel gebied,2038
ambassade,2042
ongeboren vrucht,2043
noodhulp,2044
geneeskundige noodhulp,2045
emigratie,2046
emissierechten,2048
emissiehandel,2049
werkgever,2050
werkgelegenheidsbeleid,2055
dienst voor arbeidsbemiddeling,2056
structuur van de werkgelegenheid,2058
endemische ziekte,2061
endocriene ziekte,2062
energiebalans,2065
energieverbruik,2066
omzetting van energie,2067
energiesamenwerking,2068
energiebehoefte,2071
energiedistributie,2072
energiediversificatie,2073
energie-efficiëntie,2074
energienet,2076
energie-industrie,2077
energiebeleid,2079
energieproductie,2080
terugwinning van energie,2081
energieonderzoek,2082
energievoorraad,2083
energiebesparing,2084
vindplaats van energie,2085
energieopslag,2086
energievoorziening,2087
energietechnologie,2088
energiegebruik,2090
tenuitvoerlegging van het vonnis,2091
motor,2092
ingenieur,2093
kunstwerk,2094
nauwere samenwerking,2098
genot van rechten,2099
uitbreiding van een internationale organisatie,2100
ondernemer,2102
ondernemingsgeest,2103
samenwerking op milieugebied,2104
milieukosten,2105
milieueducatie,2107
invloed op het milieu,2108
milieu-indicator,2109
milieurecht,2111
aansprakelijkheid voor milieuschade,2112
toezicht op het milieu,2113
milieubeleid,2115
milieubescherming,2116
milieuonderzoek,2117
milieunorm,2119
milieustatistiek,2120
milieuheffing,2121
enzym,2122
epidemie,2126
epidemiologie,2127
gelijkheid voor de wet,2132
gelijkheid van beloning,2133
gelijke behandeling,2134
paardachtige,2137
materiaalkosten,2138
eerlijk toerisme,2139
ergonomie,2141
erosie,2143
spionage,2145
essentiële olie,2147
verworven rechten,2148
vestiging,2149
totstandbrenging van de vrede,2150
estuarium,2152
ethanol,2153
ethiek,2154
etnische zuivering,2156
conflict tussen etnische groeperingen,2157
etnische discriminatie,2158
etnische groep,2159
euro,2231
eurozone,2233
euthanasie,2415
eutrofiëring,2417
evacuatie van de bevolking,2419
evaluatiemethode,2420
evaluatie van de hulpbronnen,2421
getuigenverklaring,2422
deviezencontrole,2424
uitwisseling van informatie,2425
uitwisseling van publicaties,2426
pariteit,2427
wisselkoers,2429
accijns,2433
uitsluiting van een internationale organisatie,2434
exclusieve distributie,2437
exclusieve economische zone,2438
exclusiviteit van aankoop,2439
leidinggevend personeel,2440
uitvoerend agentschap,2441
uitvoerende macht,2442
bevoegdheid van de uitvoerende macht,2443
executieve macht,2444
douanevrijstelling,2445
uitputting van hulpbronnen,2447
uitgezonden werknemer,2449
uitgaven,2450
proefneming met mensen,2452
stemverklaring,2454
ontginning van de hulpbronnen,2455
ontginning van de zeeën,2457
explosieve stof,2458
uitvoer,2459
exportsteun,2461
exportkrediet,2462
exportverzekering,2463
export douaneregeling,2464
financiering van de uitvoer,2465
uitvoerheffingen,2467
uitvoervergunning,2468
exportcontrole,2469
uitvoer van afvalstoffen,2471
uitvoerbeleid,2472
exportprijs,2473
restitutie bij uitvoer,2474
uitvoerbeperking,2475
exportsubsidie,2477
heffing bij uitvoer,2478
autosnelweg,2479
onteigening,2480
uitzetting uit een woning,2481
extensieve landbouw,2483
buitenlandse schuld,2486
niet op de begroting opgevoerde uitgaven,2488
uitlevering,2490
extranet,2492
buitengewone begroting,2493
extraterritoriale bevoegdheid,2496
extreem links,2498
extreem rechts,2499
extremisme,2500
oogziekte,2502
faciliteiten voor gehandicapten,2503
fax,2504
vooronderzoek,2505
productiefactor,2506
eerlijke handel,2508
braakland,2510
gezin,2511
familiebedrijf,2513
familierecht,2516
gezinsplanning,2518
gezinsbeleid,2519
bescherming van het gezin,2520
arbeidskrachten in familiebedrijf,2522
informatienet inzake landbouwbedrijfsboekhoudingen,2526
landbouwhuisdier,2527
landbouwer,2529
landbouwsector,2535
pachtcontract,2537
modernisering van een landbouwbedrijf,2538
ondersteuning van landbouwprijzen,2540
pachtprijs,2541
oliën en vetten,2545
mesten,2546
studie over de uitvoerbaarheid,2547
federale kamer,2548
migrerende vrouw,2553
werkloosheid van vrouwen,2554
vrouwelijke arbeidskrachten,2556
gefermenteerde melk,2557
ferrometaal,2559
veerboot,2560
meststof,2561
meststoffenindustrie,2562
veldonderzoek,2564
misdaadbestrijding,2566
insectenbestrijding,2567
bestrijding van verspilling,2569
gevechtsvliegtuig,2570
filmindustrie,2572
filmproductie,2573
eindverbruik,2574
begrotingswet,2575
industriebank,2576
algemene boekhouding,2577
financiële overeenkomst,2578
financiële hulp,2579
financiële analyse,2580
financiële audit,2581
financiële autonomie,2582
tegenprestatie in een overeenkomst,2583
financiële controle,2584
financiële samenwerking,2585
afgeleid financieel instrument,2586
financiële aanpassing,2587
financiële instelling,2588
financieel instrument,2589
financieel belang van de leden,2590
financiële interventie,2591
financiële voorschriften,2592
financieel verlies,2593
financieel beheer,2594
geldmarkt,2595
financieel beroep,2596
financiële planning,2597
financieel beleid,2598
financieel protocol,2599
financieel reglement,2600
financiële behoefte,2601
financieel risico,2602
financiële diensten,2603
financiële situatie,2604
financiële solvabiliteit,2605
financiële stabiliteit,2606
financiële statistiek,2607
financieel toezicht,2608
financiële transactie,2609
begrotingsjaar,2610
financiering,2611
financieringswijze,2613
financiering van de hulp,2614
financieringsplan,2616
financieringsbeleid,2617
geldboete,2618
schone kunsten,2619
brand,2621
vuurwapen,2622
brandbestrijding,2623
vuurwerk,2624
handelsmaatschappij,2625
eerste hulp,2626
eerste betrekking,2627
fiscale rechtspraak,2631
fiscaal monopolie,2632
belastingbeleid,2633
vis,2634
visziekte,2635
visserijbeleid,2636
visserijstructuur,2637
visser,2638
visserijbeheer,2639
visserijproductie,2641
visserijonderzoek,2642
visbestand,2643
visteelt,2644
visserijovereenkomst,2645
visserijzone,2646
visserijcontrole,2647
vissersvloot,2648
visserijindustrie,2650
visvergunning,2651
visnet,2652
vissershaven,2654
regeling van de visserij,2655
inkomsten uit de visserij,2656
visseizoen,2658
visserijstatistiek,2659
vissersvaartuig,2660
visolie,2661
product op basis van vis,2662
geblokkeerde lijst,2663
vaststelling van de prijzen,2664
vlag,2665
goedkope vlag,2666
plat product,2668
forfaitaire belasting,2669
gearomatiseerde wijn,2670
smaakstof,2671
vlas,2672
variabele werktijden,2675
zwevende wisselkoers,2676
overstroming,2677
vloerbekleding,2678
bloementeelt,2679
fluor,2682
veevoer,2683
voederbiet,2684
voedergewas,2687
levensmiddelenadditief,2688
voedselhulp,2689
door voedsel overgedragen ziekte,2691
kleurstof voor levensmiddelen,2694
voedselverbruik,2695
verontreiniging van voedingsmiddelen,2696
emulgator voor levensmiddelen,2698
bestedingen aan voeding,2699
voedselhygiëne,2701
levensmiddelenindustrie,2702
voedselvergiftiging,2704
voedselbeleid,2705
conservering van levensmiddelen,2706
prijs van levensmiddelen,2707
levensmiddelenverwerking,2708
levensmiddelenproductie,2709
voedselveiligheid,2711
voedselzekerheid,2712
voedingsproduct,2715
levensmiddelenwetgeving,2716
voedingssupplement,2718
mond- en klauwzeer,2721
schoenindustrie,2722
gedwongen verdwijning,2723
gedwongen migratie,2725
vermindering van de troepen,2726
strijdkrachten in het buitenland,2727
hulp aan het buitenland,2728
buitenlands kapitaal,2729
deviezen,2730
buitenlandse onderneming,2731
wisselmarkt,2732
buitenlandse investering,2734
vreemde taal,2735
buitenlandse markt,2736
buitenlandse staatsburger,2737
buitenlands beleid,2738
buitenlandse student,2739
buitenlands toerisme,2740
buitenlandse handel,2741
forensische geneeskunde,2742
bos,2743
certificatie voor de bosbouw,2744
bosbeheer,2749
bosexploitatie,2751
boswetgeving,2752
bosbouwkundig onderzoek,2755
valsheid in geschrifte,2757
formulier,2758
oprichting van een partij,2759
vroegere socialistische landen,2761
versterkte wijn,2765
forum,2766
prospectief onderzoek,2767
fossiele brandstof,2768
stichting,2769
kaderovereenkomst,2772
kaderbesluit,2773
franchising,2777
fraude,2779
prijs franco grens,2783
vrij verkeer,2784
vrije concurrentie,2785
renteloze lening,2786
vrijheid van vergadering,2787
vrijheid van vereniging,2788
vrijheid van informatie,2789
vrijheid van meningsuiting,2790
vrijheid van verkeer,2791
vrijheid van navigatie,2792
vrijheid van opinie,2793
vrijheid van godsdienst,2794
persvrijheid,2796
open zee,2797
vrijheid van het handelsverkeer,2799
vrij verrichten van diensten,2800
vrijheid van arbeid,2801
kosteloos onderwijs,2802
kosteloze medische verzorging,2803
vrij verkeer van kapitaal,2804
vrij verkeer van goederen,2805
vrij verkeer van personen,2806
vrij verkeer van werknemers,2808
vrije prijs,2810
pluimveehouderij op de grond,2811
gratis diensten,2812
vrijhandelsovereenkomst,2813
vrijhandelszone,2814
gevriesdroogd product,2816
invriezen,2818
vrije zone,2819
vracht,2820
verse kaas,2829
verse vis,2830
vers fruit,2831
vers vlees,2832
vers product,2833
verse groente,2834
zoet water,2835
zoetwatervis,2837
zoetwatervisserij,2838
bijkomend voordeel,2841
grens,2844
grensoverschrijdende migratie,2845
grensgebied,2846
grensarbeider,2847
bevroren product,2848
fruit,2849
vruchtensap,2851
product op basis van vruchten,2852
brandstof,2854
verrijking van de splijtstof,2856
stookolie,2857
opwerking van de splijtstof,2858
heffing op brandstoffen,2859
brandhout,2860
volledige werkgelegenheid,2861
volledige betrekking,2862
functionele voeding,2863
elementair deeltje,2865
oven,2868
meubelindustrie,2869
termijnmarkt,2870
wild,2879
vlees van wild,2880
spel,2882
gas,2884
gasindustrie,2887
gasleiding,2889
gasdistributie,2890
ziekte van het spijsverteringsstelsel,2891
gelatine,2896
gelijke behandeling van man en vrouw,2898
gendermainstreaming,2900
geslachtsverandering,2901
algemene begroting,2902
algemeen onderwijs,2905
algemene preferenties,2906
algemeen rechtsbeginsel,2907
algemene geneeskunde,2909
aflossing van de oudere generatie,2910
generiek geneesmiddel,2911
genetisch gemodificeerd organisme,2912
genetische database,2913
genetica,2915
geochemie,2916
geodesie,2917
geografische spreiding,2918
geografische spreiding van de bevolking,2919
geografisch informatiesysteem,2920
geografische mobiliteit,2921
geografie,2922
geologie,2923
geomorfologie,2924
geofysisch milieu,2925
geofysica,2926
geopolitiek,2927
geothermische energie,2929
schenking,2936
glas,2939
glasvezel,2940
glasindustrie,2942
globalisering,2943
opwarming van het klimaat,2944
glucose,2945
geiten,2947
geitenvlees,2948
geitenkaas,2949
goud,2950
goederen en diensten,2953
handelszaak,2954
governance,2959
regering,2960
wetsontwerp,2961
regeringsbeleid,2963
regeringsprogramma,2964
instelling voor hoger beroepsonderwijs,2967
druif,2969
grafische illustratie,2970
grasland,2971
groenvoorzieningen,2977
groene economie,2978
broeikaseffect,2979
broeikasgas,2980
grijze literatuur,2983
bruto binnenlands product,2986
bruto nationaal product,2987
bruto regionaal product,2988
aardnotenolie,2991
grondpersoneel,2992
grondwater,2993
groep ondernemingen,2997
rooipremie,3003
garantie,3006
inkomensgarantie,3007
gegarandeerde minimumprijs,3008
gegarandeerde prijs,3009
garantiedrempel,3010
voogdijschap,3011
handboek,3014
geleide raket,3015
oriëntatieprijs,3016
golf,3019
gynaecologie,3023
garen en band,3024
woonomgeving,3025
haar- en schoonheidsverzorging,3026
halogeen,3029
ambachten,3031
pesterijen op de werkvloer,3034
harde kaas,3036
harde energie,3037
schadelijke plant,3039
harmonisatiewetgeving,3040
harmonisatie van de prijzen,3041
harmonisatie van de normen,3042
harmonisatie van de bewapening,3043
oogst,3044
gevaarlijk afval,3050
bedrijfsleider van een landbouwbedrijf,3053
zetel,3054
regeringsleider,3055
hoofd van het huishouden,3056
beroep in de gezondheidszorg,3061
gezondheidszorgstelsel,3062
gezondheidscertificaat,3063
gezondheidsinspectie,3064
kosten voor gezondheidszorg,3065
bestedingen voor gezondheid,3067
ziekteverzekering,3068
gezondheidswetgeving,3069
gezondheidsbeleid,3070
gevaren voor de gezondheid,3071
gezondheidsdienst,3072
verwarming,3074
warmtepomp,3075
zware industrie,3077
zware metalen,3078
dikvloeibare olie,3079
vaars,3082
helikopter,3083
hulp aan de gebruiker,3084
slachtofferhulp,3085
hennep,3086
omschakeling van het veebestand,3089
bescherming van het erfgoed,3090
verborgen werkloosheid,3092
televisie met hoge resolutie,3094
hogere rechtspraak,3095
hoger onderwijs,3096
houtopstand,3097
verkeersregels,3101
landbouw in berggebieden,3102
vervoer naar het achterland,3107
huurkoop,3108
verhuur,3109
histologie,3110
voorgeschiedenis,3111
historische persoonlijkheid,3112
historische geografie,3113
historische plaats,3114
geschiedenis,3115
geschiedenis van het recht,3117
holding,3120
dubbel beroep,3121
vakantie,3122
thuisverzorging,3125
privé-gebruik computer,3126
hulp in het huishouden,3128
homeopathisch product,3130
thuiswerk,3131
gehomogeniseerde melk,3133
honing,3135
hop,3139
horizontale overeenkomst,3140
hormoon,3141
paardenvlees,3143
tuinbouw,3144
kosten voor ziekenhuisopname,3145
ziekenhuisopname,3146
ziekenhuisafval,3147
beroep in het hotelwezen,3149
uurloon,3150
huishouden,3151
huishoudelijk artikel,3152
gezinsbudget,3153
gezinsverbruik,3154
huishoudelijk apparaat,3155
gezinsinkomen,3156
huisvrouw,3158
huisvesting,3159
toewijzing van een woning,3160
woningcorporatie,3161
rechtsregels volkshuisvesting,3162
woningbeleid,3164
klonen van mensen,3167
menselijke ontwikkeling,3168
sociale geografie,3169
humanitaire hulp,3171
levensmiddelen,3172
rechten van de mens,3174
beweging voor de mensenrechten,3175
vochtige zone,3176
honger,3179
jacht,3181
hydraulische energie,3183
hydraulische machine,3184
waterhuishouding,3185
koolwaterstof,3186
hydro-elektrische inrichting,3187
hydro-elektrische energie,3188
waterstof,3189
waterstofproductie,3190
hydrogeologie,3191
hydrologie,3192
ijs,3199
identiteitsbewijs,3203
identiteitsdiefstal,3204
illegale abortus,3207
illegale constructie,3208
illegale migratie,3209
vrijheidsberoving,3210
zwarte handel,3211
analfabetisme,3212
ziekte,3213
imago,3214
immigratie,3215
immunologie,3216
uitwerking van reclame,3217
effecten van informatietechnologie,3218
uitvoering van de begroting,3221
uitvoeringsbesluit,3222
uitvoeringsrichtlijn,3223
invoer,3225
invoerheffing,3228
invoervergunning,3229
importprijs,3232
restitutie bij invoer,3233
invoerbeperking,3234
vervanging van invoer,3235
heffing bij invoer,3236
voorgeschreven prijs,3237
gevangenisstraf,3238
verbetering van woningen,3239
straffeloosheid,3240
arbeidsongeschiktheid,3241
opneming in de begroting,3243
inkomen,3244
niet in loondienst verkregen inkomen,3245
stabilisering van de inkomens,3247
onverenigbaarheid,3248
oprichting van een maatschappij,3249
incoterms,3250
productietoename,3251
schuldenlast,3253
vergoeding,3254
schadeverzekering,3255
zelfstandigheid van gehandicapten,3256
onafhankelijkheid van de rechterlijke macht,3257
autochtone bevolking,3261
getrapte verkiezing,3262
indirecte belasting,3263
stalling,3265
industrieel gebouw,3267
industrieel kapitaal,3268
industriële chemie,3269
industriële concentratie,3270
industriële omschakeling,3271
industriële samenwerking,3272
namaak,3273
industrieel krediet,3274
procesautomatisering,3275
industriële ontwikkeling,3276
industriële economie,3277
industriële elektrische machine,3278
industriële onderneming,3279
industriële uitrusting,3280
industriële spionage,3281
vet voor industriële doeleinden,3282
financiering van de industrie,3283
industriële visvangst,3284
industrieel risico,3286
industriële infrastructuur,3287
industriële integratie,3288
industriële investering,3289
industrialisatie,3290
industriële vervaardiging,3292
vergunning voor industriële exploitatie,3293
industriële planning,3294
industrieterrein,3296
industriebeleid,3297
industriële verontreiniging,3298
industrieproduct,3300
industriële productie,3301
industrieel project,3302
industriële eigendom,3303
industriegebied,3304
industriële reorganisatie,3305
industriële research,3306
industriële herstructurering,3307
industriële revolutie,3308
industriële robot,3309
fabrieksgeheim,3310
industriële structuur,3313
industrieafval,3314
infectieziekte,3318
brandbaar product,3319
inflatie,3320
informatie,3321
informatiebureau,3323
digitale snelweg,3324
informatiedrager,3326
informatienetwerk,3327
informatiebeleid,3328
informatieverwerking,3329
informatiebeveiliging,3332
documentatiesysteem,3333
informatiemaatschappij,3334
opslag van gegevens,3335
informatie en documentatie,3336
informatiesysteem,3337
informatietechnologie,3338
toepassing van informatica,3339
informatiemarkt,3340
beroep in de informatica,3341
blok,3347
erfenis,3348
rechterlijk bevel,3349
binnenlands vervoer,3350
binnenwateren,3351
binnenlandse waterweg,3352
binnenvaartvloot,3353
binnenvaart,3354
vervoer over binnenwateren,3355
vernieuwing,3356
anorganisch zuur,3357
anorganisch chemisch product,3358
insect,3360
insecticide,3361
praktijkopleiding,3362
kustvisserij,3363
misbruik van voorkennis,3365
inrichtingsvergoeding,3366
institutionele opzet,3369
institutioneel akkoord,3370
institutionele samenwerking,3372
institutionele hervorming,3373
institutionele structuur,3374
instelling van openbaar nut,3375
isolerende stof,3377
verzekering,3378
schadegeval,3379
verzekeringsmaatschappij,3380
verzekeringsovereenkomst,3381
verzekeringspremie,3385
gedekt risico,3386
immateriële activa,3387
geïntegreerde ontwikkeling,3388
geïntegreerd ontwikkelingsprogramma,3389
geïntegreerd maritiem beleid,3390
geïntegreerde handel,3392
opneming in het beroepsleven,3393
integratie van migranten,3394
integratie van gehandicapten,3395
intellectueel,3396
intellectueel kapitaal,3397
intellectuele eigendom,3398
intensieve landbouw,3400
intensieve fokkerij,3401
interactief net,3402
interactieve videografie,3403
interactiviteit,3404
interbancaire markt,3407
overeenkomst tussen ondernemingen,3408
samenwerking tussen ondernemingen,3409
intercontinentale raket,3410
intercontinentaal vervoer,3411
rente,3412
rentesubsidie,3415
inmenging,3416
intergouvernementeel juridisch instrument,3420
interinstitutionele betrekking,3426
industrieel verbruik,3428
intermediaire technologie,3430
intern religieus recht,3432
binnenlandse migratie,3433
internationale adoptie,3434
internationale politiek,3435
internationale overeenkomst,3436
internationale hulp,3437
internationale arbitrage,3439
internationaal handvest,3446
internationale ambtenaar,3448
internationale overheidsdienst,3449
internationale arbitrage in handelsgeschillen,3450
internationale concurrentie,3451
internationale conferentie,3452
internationaal conflict,3453
internationale conventie,3454
internationale samenwerking,3455
internationale rechtspraak,3456
internationaal krediet,3458
internationaal strafrecht,3460
internationale valuta,3462
internationaal geschil,3464
internationale arbeidsverdeling,3465
internationaal economisch recht,3466
internationale financiën,3469
internationaal humanitair recht,3472
internationaal humanitair recht,3473
internationaal instrument,3475
internationale investering,3476
internationaal probleem,3477
internationaal arbeidsrecht,3479
internationaal recht,3482
internationale liquiditeit,3484
internationale lening,3485
internationale markt,3487
internationale bijeenkomst,3488
internationale fusie,3489
internationaal monetair stelsel,3491
internationale onderhandeling,3493
internationale organisatie,3494
internationale betaling,3496
internationale betrekking,3497
internationale verantwoordelijkheid,3499
internationaal vervoer over de weg,3500
internationale sanctie,3501
internationale school,3502
internationale veiligheid,3503
internationale norm,3505
internationale statistiek,3506
internationaal tarief,3507
internationaal fiscaal recht,3508
internationale handel,3510
internationaal handelsrecht,3512
internationaal vervoer,3514
internationaal vrijwilliger,3515
internationale wateren,3516
internationale waterweg,3517
interparlementaire samenwerking,3523
interparlementaire delegatie,3524
interparlementaire betrekking,3525
interpretatie van het recht,3528
tolken,3529
interventieaankoop,3534
interventieprijs,3536
interventievoorraad,3537
intranet,3543
ongeldige stem,3545
ongeldigheid van een verkiezing,3546
invasieve soort,3547
uitvinding,3548
investering,3549
investering in het buitenland,3550
investeringsbank,3552
beleggingsmaatschappij,3553
investeringskosten,3554
inkomsten uit investeringen,3555
investeringskrediet,3556
investeringsbeleid,3557
investeringsproject,3558
bevordering van investeringen,3559
garantie van investeringen,3560
kapitaalbelegging,3561
balans van onzichtbare transacties,3562
aanbesteding bij inschrijving,3563
facturering,3564
actieve veredeling,3565
jodium,3566
ioniserende straling,3569
ijzer,3575
ijzer- en staalindustrie,3576
ijzererts,3580
smeedwerk,3581
bestraald product,3583
bestraling,3584
irrigatie,3586
eiland,3591
isoglucose,3595
uitgifte van effecten,3598
monetaire emissie,3599
straathandel,3601
toegang tot het arbeidsproces,3609
zoeken naar een baan,3610
schepping van werkgelegenheid,3611
afschaffing van arbeidsplaatsen,3612
functieomschrijving,3613
beroepsmobiliteit,3614
behoud van werkgelegenheid,3615
zekerheid van arbeidsplaats,3617
gedeelde arbeidsplaats,3618
schrijnwerk,3620
gemeenschappelijke actie,3621
intercommunale vereniging,3622
gemengde bevoegdheid,3626
gezamenlijke uitvoering,3628
mede-eigendom,3629
gemeenschappelijke dochteronderneming,3631
gemeenschappelijke onderneming,3632
rechter,3636
justitiële samenwerking,3638
gerechtelijk onderzoek,3641
gerechtelijk vooronderzoek,3642
rechterlijke macht,3643
rechtsvordering,3644
judiciële hervorming,3645
rechterlijke toetsing,3646
gerechtelijke scheiding,3647
attributieve bevoegdheid,3649
jute,3650
rechtspraak voor minderjarigen,3651
kapok,3655
particuliere tuin,3666
huishoudtextiel,3668
specialistische kennis,3669
kenniseconomie,3670
kennisbeheer,3671
etiketteren,3684
arbeidswet,3685
arbeidsconflict,3686
flexibiliteit van de arbeid,3688
arbeidskrachten,3689
arbeidsinspectie,3690
arbeidsrecht,3691
arbeidsmarkt,3692
mobiliteit van arbeidskrachten,3693
arbeidsbetrekking,3695
tekort aan arbeidskrachten,3696
lactose,3699
meer,3701
landmacht,3704
verhandelbaarheid van grond,3706
productiviteit van het land,3708
grondhervorming,3709
kadaster,3710
landinrichting,3711
vervoer over land,3712
grondgebruik,3713
taal,3714
talenkennis,3716
taalonderwijs,3717
reuzel,3721
groot bedrijf,3722
groot landbouwbedrijf,3724
grootschalige projecten,3725
lanceren van een product,3737
erfrecht,3743
zeerecht,3744
rechtsregels voor informatie,3747
penitentiair recht,3748
advocaat,3749
leghen,3750
lood,3752
bladgroente,3755
verwerving van kennis,3756
huurovereenkomst,3758
minder ontwikkeld land,3759
leder,3760
lederverwerkende industrie,3761
politiek verlof,3762
verlof om sociale redenen,3763
rechtsingang,3767
juridisch adviseur,3768
rechtsbijstand,3769
juridische basis,3770
rechtsbevoegdheid,3771
wetboek,3772
juridische samenwerking,3773
juridisch informatiesysteem,3774
wettelijk depot,3775
rechtsleer,3776
domicilie,3777
gerechtskosten,3778
rechtspersoon,3782
gerechtelijke vervolging,3783
rechterlijk beroep,3784
wet,3785
juridische wetenschap,3786
rechtsstelsel,3788
wettige arbeidsduur,3789
wetgeving,3790
wettekst,3792
initiatief tot een wet,3794
zittingsduur,3795
wetgevende macht,3796
wetgevende procedure,3797
legitimiteit,3799
vrije tijd,3802
pretpark,3803
duur van het huurcontract,3805
studieduur,3806
agrarisch probleemgebied,3809
minder begunstigd gebied,3810
niveau van het onderwijs,3811
aansprakelijkheid,3812
liberalisering van het handelsverkeer,3815
vrij beroep,3818
bibliotheek,3821
levensverzekering,3824
levensverwachting,3825
levenswetenschappen,3826
lift,3827
licht voertuig,3828
lichte industrie,3829
verlichting,3830
bruinkool,3832
verjaring van de  vordering,3836
beperkte verspreiding,3837
commanditaire vennootschap,3838
discriminatie op grond van taal,3840
taalwetenschap,3842
likeur,3843
liquidatie van een onderneming,3844
liquiditeitscontrole,3845
stemming op lijsten,3847
literaire en artistieke eigendom,3848
literair beroep,3849
literatuur,3850
kuststrook,3853
levend pluimvee,3855
veestapel,3856
veeteelt,3857
stuk vee,3858
levensomstandigheden,3859
levende taal,3860
levende plant,3861
lading,3863
lening,3864
justitie in de buurt,3865
lokaal netwerk,3866
gemeentelijk publiekrechtelijk lichaam,3867
lokale financiën,3868
plaatselijk initiatief voor tewerkstelling,3871
plaatselijke overheid,3872
lokale wetgeving,3873
lokale media,3874
plaatselijke vervuiling,3875
lokale belasting,3876
landwijn,3877
productielocatie,3879
lock-out,3880
langdurige zorg,3887
langlopend krediet,3888
financiering op lange termijn,3889
raming op lange termijn,3890
langdurige werkloosheid,3891
tekort,3893
lagere klasse,3898
laag inkomen,3902
laag loon,3903
lage huur,3904
smeermiddel,3906
luzerne,3908
lynx,3911
machine,3914
werktuigmachine,3915
werktuigmachine-industrie,3916
automatische vertaling,3917
macrofinanciële bijstand,3919
magistraat,3924
magnesium,3925
magnetische drager,3926
oppervlak aan hoofdgewas,3927
onderhoud,3928
maïs,3930
maïsolie,3931
meerderheid van stemmen,3932
slechte voeding,3938
mout,3939
man,3941
beheer,3942
financiële administratie,3943
beheerscontrole,3944
informatiesysteem voor bedrijfsbeheer,3946
beheer van de hulpbronnen,3947
beheerstechniek,3949
managementopleiding,3950
leidinggevend administratief personeel,3951
mangaan,3953
ramp door menselijk toedoen,3955
synthetische stof,3956
vraag naar arbeidskrachten,3957
planning van de arbeidskrachten,3958
handarbeider,3959
industrieel voer,3960
fabrikaat,3961
margarine,3966
sociale uitsluiting,3967
marien ecosysteem,3970
marien milieu,3971
scheepsbrandstof,3972
zeeverzekering,3973
mariene soort,3974
loodswezen,3976
vervuiling van de zee,3977
gezinssituatie,3978
kustvaart,3980
maritieme rechtspraak,3982
maritiem recht,3983
veiligheid op zee,3984
zeevaart,3985
maritiem toezicht,3986
vervoer over zee,3987
markt,3988
marktmisbruik,3989
toegang tot de markt,3990
beurswaarde,3992
markteconomie,3993
uitbreiding van de markt,3994
groenteteelt,3995
commercialisering,3996
beperking van commercialisering,3997
handelsnorm,3998
landbouwseizoen,3999
marktinterventie,4000
marktordening,4001
marktprijs,4003
marktonderzoek,4005
marktverdeling,4006
regularisatie van de markt,4007
toezicht op de markt,4008
steun aan de markt,4009
huwelijk,4010
schijnhuwelijk,4011
gehuwde persoon,4013
massamedia,4022
massaproductie,4023
stof van dierlijke oorsprong,4025
materiaaltechnologie,4026
moederschapsuitkering,4027
zwangerschapsverlof,4028
wiskunde,4029
maximumprijs,4033
griesmeel,4036
landbouwproductiemiddel,4037
communicatiemiddel,4038
openbaar vervoer,4039
vervoermiddel,4040
maatregel van gelijke werking,4041
meetapparaat,4042
vlees,4043
vleesindustrie,4044
vleesproduct,4045
mechanische industrie,4046
mechanisch materiaal,4047
mechanische trilling,4048
mechanisering,4049
mediatheek,4052
bemiddelaar,4053
medisch centrum,4054
medisch informatiesysteem,4055
medische gegevens,4056
medisch en chirurgisch materiaal,4057
medische diagnose,4058
medische fout,4059
medisch onderzoek,4060
ziekenhuis,4061
medisch recht,4062
geneeskrachtige plant,4063
medische expertise,4064
medische research,4065
medische wetenschappen,4066
medisch toerisme,4068
medisch onderwijs,4069
geneesmiddel,4070
geneeskunde,4071
middelgroot bedrijf,4078
middelgroot landbouwbedrijf,4079
middelgrote industrie,4080
middelgrote stad,4081
middellang krediet,4082
financiering op middellange termijn,4083
raming op middellange termijn,4084
lidstaat,4089
geestelijke gezondheid,4097
geestesziekte,4098
geestelijk gehandicapte,4099
mentale spanning,4100
merchandising,4102
handelaar,4103
koopvaardijvloot,4104
kwik,4107
fusie van ondernemingen,4108
controle op concentraties,4109
metagegevens,4112
bijproduct metaalindustrie,4113
bekleden van metalen,4114
metalen meubelen,4115
metaalerts,4116
metaalindustrie,4118
verontreiniging door metalen,4119
product uit metaal,4120
metaal,4121
staalconstructie,4122
metaalafval,4123
metalen ramen en deuren,4124
metaalbewerking,4125
meteorologie,4126
methanol,4127
metrologie,4128
micro-onderneming,4135
microfinanciering,4136
micro-organisme,4140
middenklasse,4141
middenkader,4143
migrant,4148
werkloosheid onder migrerende werknemers,4149
migrerende werknemer,4150
migratie,4151
controle van de migraties,4152
migratiebeleid,4155
militaire luchtvloot,4159
militaire basis,4160
militaire begraafplaats,4161
militaire samenwerking,4162
militaire rechtspraak,4163
militaire discipline,4165
bewapening,4166
militaire interventie,4167
militair recht,4168
militaire oefening,4169
militaire bezetting,4170
militair personeel,4171
militair bewind,4172
militaire research,4173
militaire sanctie,4174
militair geheim,4176
militaire opleiding,4177
melk,4178
melkvet,4180
melkmachine,4181
zuivelproduct,4182
melkeiwit,4183
pluimgierst,4184
minerale verbinding,4187
mineralogie,4188
minerale olie,4189
minerale reserves,4191
mineraalwater,4192
minimumloon,4193
minimumprijs,4194
minimumvoorraad,4195
winning van delfstoffen,4196
mijnindustrie,4197
mijn,4199
minister,4202
ministerconferentie,4203
ministeriële verantwoordelijkheid,4204
ministerie,4205
gerechtelijke dwaling,4207
diverse industrieën,4208
raket,4209
rechtsmisbruik,4210
verzachtende omstandigheid,4211
gemengde overeenkomst,4212
polycultuur,4213
gemengde economie,4214
gemengd huwelijk,4216
gemengde prijs,4218
gemengde bedrijfsvoering,4219
mobiele communicatie,4221
mobiele telefoon,4222
modem,4224
productiemethode,4225
wijze van vervoer,4226
moderne geschiedenis,4227
modernisering van de industrie,4229
melasse,4230
weekdier,4233
molybdeen,4235
monetaire overeenkomst,4238
monetair compenserend bedrag,4240
monetaire samenwerking,4241
monetaire crisis,4242
monetaire integratie,4243
monetair beleid,4244
monetaire betrekkingen,4245
monetaire unie,4246
valuta,4247
witwassen van geld,4248
monetaire markt,4249
liquiditeit,4250
geldhoeveelheid,4251
monitoringverslag,4253
aap,4254
monografie,4256
monopolie,4257
maandelijkse uitbetaling,4262
monument,4264
sterftecijfer,4268
hypotheek,4269
hypotheekbank,4270
meest bevoorrechte natie,4271
moedertaal,4274
motie van afkeuring,4275
motorbrandstof,4277
alcohol als brandstof,4278
motorvoertuig,4279
automobielindustrie,4280
autoverzekering,4281
verontreiniging door auto's,4282
autoweg,4283
berg,4284
bergbos,4285
berggebied,4286
certificaat inzake goederenverkeer,4287
meerjarig financieel kader,4289
multidisciplinair onderwijs,4290
multilaterale overeenkomst,4292
multilaterale hulp,4293
multilaterale betrekking,4295
multilaterale bewaking,4296
multi-level governance,4297
meertalig woordenboek,4298
veeltaligheid,4299
multimedia,4300
multinationale onderneming,4301
multinationale strijdmacht,4302
cumulatie van ambten,4304
gemeente,4308
museum,4312
muziek,4314
muziekinstrument,4315
wederzijdse bijstand,4317
wederzijdse landbouwsteun,4318
sociaal ziekenfonds,4319
beginsel van wederzijdse erkenning,4320
nanotechnologie,4325
verdovend middel,4326
staatsburger,4327
nationale boekhouding,4328
nationaal landbouwbeleid,4329
rijksbegroting,4330
nationaal park in de stad,4331
nationale valuta,4332
nationale economie,4334
landelijke verkiezing,4335
nationale uitgaven,4336
nationale financiering,4337
nationale identiteit,4338
nationale uitvoeringsmaatregel,4339
nationaal inkomen,4340
nationale onafhankelijkheid,4341
nationalisering,4342
nationaliteit,4345
nationaliteit van de rechtspersoon,4346
nationale taal,4347
nationaal recht,4348
nationale bibliotheek,4350
nationale minderheid,4351
nationaal park,4352
nationaal parlement,4353
nationale planning,4354
nationale productie,4355
nationale school,4356
dienstplicht,4357
nationale soevereiniteit,4359
nationale statistiek,4360
binnenlands tarief,4361
nationale belasting,4362
nationaal vervoer,4363
nationale eenwording,4364
onwettig kind,4367
natuurramp,4368
natuurlijke levensmiddelenkleurstof,4370
aardgas,4372
natuurlijk risico,4373
naturalisatie,4374
natuurlijke persoon,4376
natuurlijke reserves,4377
natuurlijke rubber,4378
navigatiehulpmiddel,4382
marine,4384
kredietbrief,4386
onderhandse aanbesteding,4387
netto begunstigde,4396
waterwegennet,4397
neurologie,4400
neutraliteit,4401
nieuwe economische orde,4404
nieuwe pedagogie,4405
nieuw product,4407
nieuwe religie,4408
krant,4409
nieuwe technologie,4410
nieuwe stad,4411
nikkel,4415
nachtwerk,4418
stikstof,4421
lawaai,4423
geluidsniveau,4424
akoestische vervuiling,4425
bescherming tegen geluidshinder,4426
nomenclatuur,4428
niet-alcoholhoudende drank,4429
niet-geassocieerd land,4431
non-profitsector,4433
concurrentiebeding,4434
niet-verplichte uitgave,4435
prestatie zonder premiebetaling,4436
niet-duurzame goederen,4437
non-ferrometaal,4439
buitenschools onderwijs,4442
niet-gouvernementele organisatie,4443
wetsvoorstel,4444
niet-ioniserende straling,4445
niet dodelijk wapen,4447
premie voor niet in de handel brengen,4448
zakelijke belasting,4451
minder vervuilend voertuig,4452
organisatie zonder winstoogmerk,4453
non-proliferatie van bewapening,4454
niet-recycleerbaar afval,4455
niet-terugbetaalbare hulp,4456
atypische arbeid,4458
niet-tarifaire handelsbelemmering,4459
niet-geweven textiel,4462
streefprijs,4471
notaris,4499
kernongeval,4502
nucleaire chemie,4503
kernenergie,4504
kernsplijting,4506
nucleaire brandstof,4507
kernfusie,4508
nucleaire industrie,4509
nucleaire geneeskunde,4511
non-proliferatie van kernwapens,4512
kernfysica,4513
nucleair beleid,4514
kerncentrale,4515
kernreactor,4516
nucleaire veiligheid,4518
nucleaire technologie,4519
kernproef,4520
kernoorlog,4521
kernwapen,4522
hinder,4523
aantal ingeschreven leerlingen,4524
kleuterschool,4525
verpleegkundige verzorging,4526
verplegend personeel,4527
voeding,4529
voedselbehoefte,4531
haver,4533
observatie,4536
waarnemer,4537
verouderde technologie,4538
belemmering voor de ontwikkeling,4539
arbeidsongeval,4541
arbeidsongevallenverzekering,4542
beroepsziekte,4543
gezondheid op het werk,4544
arbeidsgeneeskunde,4545
arbeidsveiligheid,4550
beroepsstatus,4551
bezet gebied,4552
oceaan,4553
oceanografie,4555
slachtafval,4558
overtreding,4559
aanbiedingsprijs,4560
kantoorautomatisering,4561
kantoorbenodigdheden,4563
kantoorpersoneel,4564
officieel document,4565
officiële taal,4567
gereglementeerde markt,4568
officieel stempel,4569
officiële statistiek,4570
officieel bezoek,4571
aardolie uit zee,4573
offshore-installatie,4574
teelt van oliehoudende gewassen,4576
olieveld,4577
aardolie-industrie,4578
verontreiniging door koolwaterstoffen,4581
aardolieraffinage,4582
koolzaad,4583
oudere werknemer,4585
oliehoudend gewas,4586
oligopolie,4588
olijf,4590
olijventeelt,4591
olijfolie,4592
alleenstaande,4599
enig kind,4602
vrij toegankelijke publicatie,4605
openbare stemming,4606
open gegevens,4607
open leermiddelen,4608
vrije markt,4609
opencoördinatiemethode,4610
vrije software,4611
open universiteit,4612
bedrijfskosten,4613
bedrijfsresultaat,4614
besturingssysteem,4615
operationele uitgave,4616
operationeel programma,4618
advies,4620
opiniepeiling,4626
optisch herkennen van tekens,4629
optische industrie,4630
optische informatiedrager,4631
optica,4632
optiecontract,4633
uitzonderingsbepaling,4634
mondelinge vraag,4635
boomgaard,4636
beschikking,4637
judiciële rechtspraak,4638
gewone wetgevingsprocedure,4639
ertslaag,4641
verwerking van erts,4642
organisch zuur,4643
biologische certificering,4644
organisch chemisch product,4645
biologische landbouw,4646
natuurlijke meststof,4647
organieke wet,4648
organische verontreiniging,4649
biologisch product,4650
vennootschap,4651
organisatiecultuur,4652
organisatieschema,4653
organisatie van verkiezingen,4657
organisatie van de gezondheid,4658
organisatie van de productie,4659
beroepsorganisatie,4660
organisatie van het onderzoek,4661
organisatie van het onderwijs,4662
organisatie van het vervoer,4663
organisatie van het werk,4664
georganiseerde misdaad,4665
orgaantransplantatie,4666
product van oorsprong,4667
wees,4668
weesgeneesmiddel,4670
kaderwet,4676
externalisering,4678
passieve veredeling,4679
algemene kosten,4681
cumulatie van inkomsten,4683
overbevolking,4684
overproductie,4685
landen en gebieden overzee,4686
overzees gebiedsdeel,4688
vrij verkrijgbaar geneesmiddel,4689
overuur,4690
vervoer voor eigen rekening,4691
eigen verbruik,4692
bedrijfsvoering door de eigenaar,4693
eigendom van goederen,4694
eigen middelen,4695
oxide,4696
zuurstof,4697
ozon,4698
verpakt product,4703
pakketreis,4704
verpakken,4705
verpakkingsproduct,4706
pediatrie,4707
betaalde vakantie,4709
verf en lak,4711
palliatieve zorg,4717
palmnoot,4718
papier,4723
karton,4724
schotelantenne,4727
paraffine,4728
paramedisch beroep,4730
paramedisch onderwijs,4731
paramilitaire troepen,4732
parasitologie,4733
ouderlijke macht,4736
ouderlijke verantwoordelijkheid,4738
moedermaatschappij,4739
parkeerterrein,4740
parlement,4742
vergoeding voor afgevaardigden,4743
parlementaire vergadering,4744
parlementaire kamer,4745
parlementaire commissie,4746
parlementaire delegatie,4748
parlementaire diplomatie,4749
parlementaire onschendbaarheid,4752
parlementair onderzoek,4753
bibliotheek van het parlement,4754
parlementaire procedure,4755
parlementaire vraag,4756
reglement van het parlement,4757
parlementair toezicht,4758
parlementaire zetel,4759
parlementair stelsel,4762
parlementaire stemming,4763
deelnemend land,4764
participatie van vrouwen,4765
participatieve democratie,4766
onderneming van algemeen belang,4767
personenvennootschap,4768
deeltijdarbeid,4770
partijfinanciering,4773
stemmen van de wet,4775
prestatiemeting,4776
paspoort,4778
deegwaren,4779
pasteurisatie,4780
gepasteuriseerde melk,4781
vetweiderij,4783
octrooi,4784
octrooirecht,4785
licentie,4786
vaderschapsverlof,4787
loon,4792
betaalde diensten,4793
nuttige last,4796
betaling,4797
betalingskrediet,4798
betalingssysteem,4799
loonbeleid,4800
herwaardering van lonen,4801
pay-tv,4803
vrede,4805
vreedzame coëxistentie,4806
vreedzaam gebruik van energie,4807
handhaving van de vrede,4808
turf,4811
voetganger,4812
wetboek van strafrecht,4815
gevangenispersoneel,4819
pensioenfonds,4820
pensioenregeling,4821
verbruik per hoofd,4824
verdeling per inwoner,4825
prestatiecontrole,4828
prestatiemeting,4830
dramatische kunst,4831
dwangsom,4832
randapparatuur,4833
periferie,4834
bederfelijke levensmiddelen,4835
blijvend gewas,4836
ongevallenverzekering,4839
persoonlijke gegevens,4840
persoonlijke ontwikkeling,4841
belasting van natuurlijke personen,4843
persoonlijkheid,4846
roerend eigendom,4847
persoonlijk wapen,4848
personeelsbeheer,4849
werkende beroepsbevolking,4850
residu van bestrijdingsmiddel,4854
voeder voor huisdieren,4856
verzoekschrift,4857
petrochemie,4858
benzine,4860
aardolie,4861
aardolieproduct,4864
aardolieproductie,4865
kosten van geneesmiddelen,4868
farmaceutische industrie,4869
farmaceutische wetgeving,4870
farmaceutisch product,4871
apotheker,4872
farmacologie,4873
apotheek,4874
filosofie,4876
juridische filosofie,4877
fosfaat,4879
fosfor,4880
fotochemie,4881
foto,4882
fotografische industrie,4883
lichamelijk geweld,4885
lichamelijke opvoeding,4886
fysisch milieu,4887
lichamelijk gehandicapte,4888
fysisch procédé,4889
varkensvlees,4895
vervoer per pijpleiding,4897
leidingen,4899
piraterij,4900
vlakte,4902
plattegrond,4903
plankton,4904
planeconomie,4905
aanplant,4907
plantenveredeling,4908
plantaardige ziekte,4909
fytosanitaire controle,4910
fytosanitaire wetgeving,4911
fytosanitair product,4912
fytosanitaire behandeling,4913
flora,4914
plantaardige reproductie,4915
plantaardige reserves,4916
classificatie van planten,4917
kwekersrecht,4918
plasmafysica,4919
gips,4920
weekmaker,4921
kunststof,4922
kunststofindustrie,4923
plastic afval,4924
plaat,4925
platina,4926
perceel,4930
sanitaire installatie,4932
pluralisme in de media,4933
plutonium,4934
fineer,4935
pneumatische machine,4936
luchtband,4937
poolgebied,4942
politie,4943
politiële samenwerking,4945
beleidsanalyse,4946
beleidsvorming,4947
landbouwstructuurbeleid,4948
lidmaatschap van een politieke partij,4950
politieke arbitrage,4953
politiek asiel,4954
politiek gedrag,4955
politiek midden,4956
politieke vereniging,4957
politieke coalitie,4958
politieke samenleving,4959
politieke communicatie,4960
politieke samenwerking,4961
politieke crisis,4962
politieke cultuur,4963
discriminatie op grond van politieke opvatting,4964
politieke ecologie,4965
politieke geografie,4968
politieke fractie,4969
politieke ideologie,4971
politieke instelling,4972
politieke integratie,4973
politieke participatie,4974
politieke ontvoering,4976
politieke meerderheid,4978
politieke minderheid,4980
politieke motivatie,4982
politieke oppositie,4983
politieke partijen,4984
politieke filosofie,4985
politieke bevoegdheid,4986
politieke pers,4987
politieke gevangene,4988
politiek programma,4989
politieke propaganda,4990
politieke hervorming,4991
politieke vluchteling,4992
politieke vertegenwoordiging,4993
politieke verantwoordelijkheid,4994
politieke rechten,4996
politieke wetenschap,4997
politieke situatie,4998
politieke sociologie,4999
politieke status,5001
politiek stelsel,5002
politieke richting,5003
politiek geweld,5005
politiek,5006
verontreinigende stof,5008
verontreinigd gebied,5009
verontreiniging,5011
toezicht op de verontreiniging,5012
bestrijding van de verontreiniging,5013
verontreiniging door de landbouw,5014
verontreiniging door schepen,5016
verontreiniging van de waterlopen,5017
polygamie,5018
polymeer,5019
volkskunst,5023
vergrijzing van de bevolking,5026
volkstelling,5027
bevolkingsdichtheid,5028
demografische verwachtingen,5030
bevolkingsstatistiek,5034
pornografie,5036
havendienst,5037
havenverkeer,5039
positie van de vrouw,5042
post en telecommunicatie,5043
port,5044
postdienst,5045
stemming per brief,5046
gedetacheerd werknemer,5049
postuniversitair onderwijs,5050
financiële dienst van de post,5052
naoorlogse periode,5053
kaliumcarbonaat,5054
kalium,5055
aardappel,5056
pluimvee,5057
pluimveehouderij,5058
gevogelte,5059
armoede,5060
melkpoeder,5061
poedermetallurgie,5062
beoordelingsbevoegdheid,5063
volmacht,5064
beslissingsbevoegdheid,5065
uitvoerende bevoegdheid,5066
recht van initiatief,5067
energiecentrale,5069
beroep in de alternatieve geneeskunde,5075
pretoetredingssteun,5078
pretoetredingsstrategie,5079
voorzorgsbeginsel,5080
edel metaal,5081
edelsteen,5082
preferentiële overeenkomst,5086
voorontwerp van de begroting,5090
prejudiciële rechtsvraag,5092
voorverpakking,5094
verpakking,5095
klaargemaakt gerecht,5096
conserveringsmiddel,5099
product in blik,5100
voorzitter van de instelling,5104
pers,5109
persagentschap,5110
perscommuniqué,5111
voorkoming van verontreiniging,5115
prijsbeheersing,5117
prijsverschil,5118
vooraf vastgestelde prijs,5119
prijsfluctuatie,5120
prijsvorming,5121
prijsstijging,5123
prijsindex,5124
prijsindexering,5125
prijsschaal,5126
prijs zonder belasting,5127
prijs van de landbouwproducten,5128
energieprijs,5129
prijsdaling,5133
prijsregeling,5134
prijs,5135
prijsbeleid,5136
prijsstabiliteit,5137
ondersteuning van de prijzen,5138
prijsstelling van geneesmiddelen,5139
basisonderwijs,5142
basisproduct,5144
primaire sector,5145
rechtszekerheidsbeginsel,5150
evenredigheidsbeginsel,5151
subsidiariteitsbeginsel,5152
printer,5153
drukkerij,5154
prioriteitsgebied,5155
gevangeniswezen,5156
particuliere hulp,5161
particuliere bank,5162
particulier onderwijs,5164
private equity,5165
particulier bos,5166
particuliere verzekering,5167
internationaal privaatrecht,5168
particuliere investering,5169
privaatrecht,5170
besloten vennootschap,5171
individueel vervoer,5172
particuliere eigendom,5175
particuliere onderneming,5176
particuliere voorraad,5178
privatisering,5179
proeftijd,5181
smeerkaas,5182
samengesteld voedingsproduct,5183
verwerkt voedingsmiddel,5184
verwerkingsindustrie,5185
behandeling onder douanetoezicht,5186
medeverantwoordelijkheid van producenten,5188
producentengroepering,5189
productieprijs,5190
productontwerp,5191
benaming van een product,5192
diversificatie van de productie,5193
productie,5194
productiesteun,5195
productiecapaciteit,5196
productiecontrole,5197
productiekosten,5198
productieplanning,5200
productiequota,5202
restitutie bij productie,5203
productiestatistiek,5205
productieoverschot,5206
streefcijfer,5207
productietechniek,5208
productiviteit,5209
levensduur van het product,5210
kwaliteit van het product,5211
veiligheid van het product,5212
specialisatie van de productie,5213
beroepsvereniging,5215
beroepsloopbaan,5216
beroepservaring,5218
beroepsvereniging zonder winstoogmerk,5219
beroepskwalificatie,5220
beroepsgeheim,5221
beroepsorde,5222
winst,5224
rentabiliteit,5225
winstdeling voor werknemers,5226
budgettaire prioriteit,5227
computerondersteund onderwijs,5228
programma-industrie,5229
programmeertaal,5230
verboden wapen,5231
projectevaluatie,5232
uitvoering van een project,5233
project van gemeenschappelijk belang,5234
bevordering in een loopbaan,5235
uitvaardiging van een wet,5237
bewijs,5238
propaan,5239
projectontwikkeling,5240
verhuur van onroerend goed,5242
grondbelasting,5244
evenredige vertegenwoordiging,5245
technologische vooruitzichten,5247
prostitutie,5248
beschermd gebied,5249
beschermde soort,5250
bescherming van de fauna,5252
dierenbescherming,5253
bescherming van vrijheden,5255
bescherming van minderheden,5256
bescherming van de flora,5257
eerbiediging van het privé-leven,5258
bescherming van de vennoten,5259
vrijwaringsclausule,5260
beschermingsmiddel,5261
protocol,5265
suikerprotocol,5267
prototype,5269
provincie,5271
boekhoudkundige reserve,5282
voorlopige twaalfde begroting,5283
dienstverrichting,5285
stemming bij volmacht,5286
opname in psychiatrische kliniek,5287
psychiatrische inrichting,5288
psychiatrie,5289
psychologische intimidatie,5291
psychologie,5292
psychometrische test,5293
overheidsadministratie,5296
publicatie,5297
openbaarheid van rekeningen,5298
openbaarheid van tarieven,5300
overheid,5302
bewustmaking van de burgers,5303
staatsbank,5304
overheidslening,5305
openbaar gebouw,5306
openbaarheid van de debatten,5307
openbare raadpleging,5308
overheidsopdracht,5309
overheidsschuld,5310
economisch publiekrecht,5311
openbare financiën,5312
openbaar onderwijs,5313
overheidsuitgave,5314
overheidsfinanciën,5315
overheidsfinanciering,5316
collectieve goederen,5317
volksgezondheid,5318
hoorzitting,5319
feestdag,5320
openbare gezondheidszorg,5321
openbare instelling,5322
internationaal publiekrecht,5324
overheidsinvestering,5325
publiek recht,5326
ministerieel ambtenaar,5327
openbare bibliotheek,5328
naamloze vennootschap,5329
openbaar ambt,5332
publieke opinie,5333
openbare orde,5334
overheidsbeleid,5335
publiek-private samenwerking,5336
publiek eigendom,5337
strafvervolging,5338
public relations,5340
openbare veiligheid,5341
overheidsbedrijf,5342
publieke dienst,5343
werknemer in overheidsdienst,5344
officiële verklaring,5345
gemeenschappelijk vervoer,5347
openbare werken,5348
uitgeverij,5349
uitgave,5350
termijn voor publicatie,5351
prijsaanduiding,5352
pomp,5355
leerling,5356
aankoop,5357
aankoopprijs,5358
koopgedrag,5359
koopkracht,5360
koopkrachtpariteit,5361
gekwalificeerde meerderheid,5365
kwalitatieve analyse,5366
kwaliteitsbeheersing van industrieproducten,5369
kwaliteitsmerk,5370
levenskwaliteit,5371
milieukwaliteit,5372
kwaliteitsnorm,5373
kwantitatieve analyse,5374
kwantitatieve beperking,5375
geloste hoeveelheid,5376
parafiscale heffing,5377
parlementaire interpellatie,5379
vragenuur,5380
quorum,5381
citaat,5382
konijn,5383
konijnenvlees,5384
hondsdolheid,5385
rassendiscriminatie,5387
racisme,5388
blootstelling aan straling,5389
stralingsbescherming,5390
radicale partij,5391
radioactief afvalwater,5392
radioactieve stof,5393
radioactieve verontreiniging,5394
radioactief afval,5395
radioactiviteit,5396
radiofrequentie-identificatie,5399
radiocommunicatie,5400
spoorwegnet,5402
vervoer per spoor,5403
spoorwegindustrie,5404
spoorwegstation,5405
spoorwegtarief,5406
edelgas,5409
arbeidsritme,5411
ratificatie van een overeenkomst,5412
kengetal,5413
grondstof,5415
rauwe melk,5416
ruwe suiker,5417
afkoeling van de reactor,5419
onderneming in onroerend goed,5420
krediet op onroerende goederen,5421
grondmarkt,5422
onroerend eigendom,5423
interne overplaatsing,5425
vereffening van de boedel,5427
gewonnen land,5428
erkenning van een staat,5429
erkenning van de opleiding,5431
erkenning van getuigschriften van vakbekwaamheid,5432
aanbeveling,5433
gereconstitueerd product,5435
medium,5439
discotheek,5440
aanwerving,5441
aflossing,5446
amortisatie,5447
steun voor omschakeling,5448
productieomschakeling,5449
herverdeling van het inkomen,5451
gereduceerde prijs,5453
strafvermindering,5455
arbeidstijdverkorting,5456
ontslag om economische redenen,5457
rode wijn,5458
wederuitvoer,5459
referentieprijs,5460
referendum,5461
gekoeld product,5464
vluchteling,5466
weigering aan te bieden,5467
gebied,5469
regionale rekeningen,5470
regionaal agentschap,5471
regionale steun,5472
regionaal bestuur,5474
regionale samenwerking,5476
regionale cultuur,5477
regionale ontwikkeling,5478
regionale verschillen,5479
regionale economie,5480
regionale verkiezingen,5481
regionaal landbouwbeleid,5482
regionale financiën,5483
regionale geografie,5484
regionale overheid,5485
regionale integratie,5486
regionale investering,5487
regionalisatie van het handelsverkeer,5489
regionaal recht,5493
regionale markt,5494
regionaal parlement,5495
regionale planning,5496
regionale politie,5497
regionaal beleid,5498
regionale veiligheid,5499
regionale statistiek,5501
regionaal vervoer,5502
van visserij afhankelijk gebied,5503
gedeponeerd merk,5531
registratie van maatschappij,5532
inschrijving op de kiezerslijst,5533
registratierecht,5534
verordening,5535
voorschriften voor de landbouwproductie,5537
regeling van transacties,5540
statuut van de ambtenaar,5541
regelgevingsbeleid,5543
terugbetaling van steun,5544
wederinvoer,5545
herverzekering,5547
herintreding,5550
verwerping van de begroting,5551
verwantschap,5554
voorwaardelijke invrijheidstelling,5555
godsdienst,5556
religieus conflict,5557
discriminatie op grond van godsdienst,5558
godsdienstige groep,5560
religieuze instelling,5561
religieus symbool,5563
religieus toerisme,5564
teledetectie,5566
verwijdering,5567
vernieuwbare reserves,5570
verlenging van een overeenkomst,5571
verhuurbedrijf,5572
voorschriften voor de huurprijzen,5573
herverkaveling,5574
steun voor de terugkeer,5575
repatriëring van kapitaal,5576
herroeping,5577
vervanging van hulpbronnen,5579
verslag,5581
representatieve democratie,5582
representatieve marktprijs,5583
vertegenwoordiger van lokale of regionale autoriteit,5584
representatieve prijs,5585
representatieve koers,5586
bestrijding,5587
reproductieve gezondheidszorg,5588
reproductie,5589
republiek,5591
consolidatie van de schuld,5594
research,5595
onderzoek en ontwikkeling,5596
onderzoeksmethode,5600
onderzoeksbeleid,5601
onderzoeksprogramma,5602
onderzoeksproject,5603
onderzoeksverslag,5604
onderzoeker,5606
reservering,5607
reserve,5610
hervestiging van personen,5611
verblijfplaats,5612
verblijfsrecht,5613
woongebied,5614
aftreden van de regering,5616
hars,5617
resolutie,5619
rijkdom van de zee,5624
ziekte van de luchtwegen,5625
wederinstelling van de douanerechten,5626
rusttijd,5628
beperking van bewegingsvrijheid,5629
concurrentiebeperking,5630
uitslag van de stemming,5634
verkooppunt,5635
kleinhandelsprijs,5636
detailverkoop,5637
detailhandel,5638
gepensioneerde,5639
terugwerkende kracht van de wet,5641
revaluatie,5644
inkomsten,5645
herziening van een overeenkomst,5646
herziening van de financiële vooruitzichten,5647
rijst,5653
recht om voor het gerecht te treden,5655
asielrecht,5656
recht van vestiging,5657
recht van weerwoord,5660
recht van overname,5661
omgangsrecht,5662
rechten van de ambtenaar,5664
rechten van minderheden,5665
rechten van de verdediging,5666
rechten van het individu,5667
recht op cultuur,5668
recht tot betogen,5669
recht op ontwikkeling,5670
recht op onderwijs,5671
recht op gezondheid,5672
recht op huisvesting,5673
recht op informatie,5674
toegang tot de rechter,5675
recht op lichamelijke integriteit,5676
recht op hergebruik van informatie,5677
stakingsrecht,5680
stemrecht,5681
recht op arbeid,5682
risicobeheer,5686
wegenbouw,5688
wegennet,5690
verkeersveiligheid,5691
wegverkeer,5693
wegvervoer,5694
technische keuring,5696
roaming,5697
knaagdier,5700
hoofdelijke stemming,5701
rollend materieel,5702
roséwijn,5708
rubberindustrie,5711
rechtsstaat,5712
intern reglement,5713
vonnis,5715
leidende klasse,5716
ontwikkeling van het platteland,5718
plattelandsmilieu,5719
plattelandsbevolking,5721
plattelandsgebied,5722
plattelandstoerisme,5725
rogge,5729
heilige boeken,5733
veiligheidsinrichting,5734
verkoop,5746
depothouder,5747
afzetbevordering,5748
handelspromotie,5750
verkooppersoneel,5752
zout,5753
gezouten product,5755
zout water,5756
steekproef,5759
monsterneming,5760
satelliet,5766
satellietcommunicatie,5767
satellietnavigatie,5768
spaarbank,5773
scanner,5778
school in het buitenland,5782
leerplichtige leeftijd,5783
schoolomgeving,5786
schoolvervoer,5796
wetenschappelijk apparaat,5800
wetenschappelijke berekening,5801
wetenschappelijke samenwerking,5803
wetenschappelijke ontdekking,5804
onderwijs in de exacte vakken,5805
wetenschappelijke uitwisseling,5806
wetenschappelijke bibliotheek,5807
wetenschappelijke pers,5808
wetenschappelijk beroep,5809
wetenschappelijke vooruitgang,5810
wetenschappelijke expertise,5811
wetenschappelijk onderzoek,5812
beeldscherm,5814
beeldhouwwerk,5815
zee,5816
zeebodem,5817
zeevis,5818
zeevisserij,5819
zeehond,5820
huiszoeking,5821
opsporing en redding,5822
zoekmachine,5823
seizoenarbeid,5824
seizoenarbeider,5827
zetel van de instelling,5829
voortgezet onderwijs,5830
afgeleid recht,5831
tweede woning,5832
secundaire sector,5833
geheime stemming,5843
geheime dienst,5844
profielstaal,5846
sectoriële overeenkomst,5847
sectoriële steun,5848
sectoriële planning,5849
effecten,5853
zekerheid van voorziening,5854
beveiliging en bewaking,5855
zaad,5857
lijnzaad,5858
pootgoed,5859
seismologie,5861
beslag op bezittingen,5862
selectieve informatieverspreiding,5864
selectieve distributie,5865
noodweer,5866
zelfstandig beroep,5868
niet in loondienst verrichte arbeid,5869
zelffinanciering,5870
zelfbeheer,5871
zelfregulering,5872
zelfbediening,5873
onafhankelijkheid van energie,5875
onafhankelijkheid van voedselhulp,5876
zelfvoorzieningsgraad,5877
verkoop met verlies,5879
verkoopprijs,5880
semantisch web,5881
halffabrikaat,5882
halfharde kaas,5886
anciënniteit,5888
hoger kader,5889
kwetsbaar gebied,5890
gevoelig product,5891
gescheiden levende persoon,5892
scheiding der machten,5893
tijdschrift,5896
diensten,5899
concessieovereenkomsten voor dienstverlening,5900
dienstensector,5901
dienstpersoneel,5902
dienstverleningscontract,5904
dienst van algemeen belang,5905
sesam,5906
braakleggen van landbouwgrond,5907
beslechting van geschillen,5908
zuiveringsslib,5913
seksuele opvoeding,5914
discriminatie op grond van geslacht,5915
seksuele vrijheid,5916
seksueel overdraagbare aandoening,5919
seksuele minderheid,5920
seksuele verminking,5921
seksueel misdrijf,5922
sekstoerisme,5923
seksueel geweld,5924
aandeel,5930
maatschappelijk kapitaal,5931
deelpacht,5932
aandeelhouder,5933
deelneming,5934
schapen,5936
schapenvlees,5938
plaatijzer,5939
ploegendienst,5941
scheepsbouw,5944
zeekanaal,5945
maritiem beleid,5946
winkelcentrum,5947
schaarste,5948
verkorting van de werkweek,5949
kortlopend krediet,5950
economische conjunctuur,5952
financiering op korte termijn,5953
raming op korte termijn,5954
monetaire steun op korte termijn,5955
gedeeltelijke werkloosheid,5956
ziekteverlof,5961
ondertekening van een overeenkomst,5964
zijde,5968
silo,5969
zilver,5970
bosbouw,5971
gewone meerderheid,5972
vereenvoudiging van de formaliteiten,5973
vereenvoudiging van de wetgeving,5974
simulatie,5975
monocultuur,5978
enkel document,5979
één wisselkoersbeleid,5982
interne markt,5984
uniek monetair beleid,5985
ongehuwde ouder,5986
bedrijfstoeslagregeling,5987
sisal,5989
vestiging van een centrale,5990
ondernemingsgrootte,5991
geschoold arbeider,5994
verouderde kwalificatie,5995
magere melk,5996
mageremelkpoeder,5997
huidziekte,5998
slachtdier,5999
geslacht pluimvee,6000
slachten van dieren,6001
slachtpremie,6002
slavernij,6003
sluisprijs,6007
kleine en middelgrote industriële ondernemingen,6010
kleine en middelgrote onderneming,6011
handvuurwapens,6012
klein bedrijf,6013
kleine industrie,6015
kleinbedrijf,6016
kleine staat,6017
kleine stad,6018
gerookt product,6019
sociale aanpassing,6022
sociale analyse,6023
sociale begeleiding,6025
sociale balans,6026
sociaal gedrag,6027
sociale begroting,6028
sociale verandering,6029
maatschappelijke klasse,6030
sociale clausule,6031
sociaal conflict,6032
sociale lasten,6033
sociale rechtspraak,6034
sociale ontwikkeling,6037
sociale dialoog,6038
sociale dumping,6040
sociale economie,6041
sociale voorzieningen,6042
sociaal effect,6043
sociale indicator,6044
sociale ongelijkheid,6045
sociale integratie,6046
sociaal label,6050
sociaal recht,6051
sociaal leven,6052
sociaal achtergestelde groep,6053
sociale media,6054
sociale geneeskunde,6055
sociale mobiliteit,6056
sociale beweging,6057
sociale norm,6058
sociaal pact,6059
sociale participatie,6060
sociale partner,6061
sociaal beleid,6062
sociaal probleem,6064
reclassering,6065
sociale rechten,6066
sociale rol,6067
sociale wetenschappen,6068
sociale zekerheid,6069
sociale uitkering,6070
sociale bijdrage,6071
harmonisatie van de sociale zekerheid,6072
rechtsregels voor de sociale zekerheid,6073
sociale dienst,6074
sociale situatie,6075
sociale statistiek,6076
maatschappelijke positie,6077
maatschappelijke structuur,6078
sociaal onderzoek,6079
sociale uitkeringen,6080
sociaal welzijn,6081
sociaal werk,6082
maatschappelijk werker,6083
sociaal-culturele voorzieningen,6084
sociaal-economische omstandigheden,6086
sociologie,6087
natrium,6092
zachte kaas,6095
zachte energie,6096
zachte technologie,6098
computerprogramma,6099
bodemanalyse,6100
bemesting van de grond,6102
bodemverbetering,6103
bodemverontreiniging,6104
grondbewerking,6105
bodembescherming,6106
bodemkunde,6108
grondsoort,6109
toepassing van zonne-energie in de architectuur,6110
zonne-energie,6112
toepassing van zonne-energie,6113
eenmanszaak,6114
oplosmiddel,6116
sorghum,6118
geluidsisolatie,6119
toestel voor geluidsweergave,6120
bron van de hulp,6121
informatiebron,6122
soja,6152
sojaolie,6153
ruimtevaart,6155
ruimtevaartbeleid,6156
vrije ruimte,6157
ruimteonderzoek,6158
ruimtestation,6160
ruimtevervoer,6162
ruimtevaartuig,6163
onderdeel,6165
mousserende wijn,6166
bijzondere trekkingsrechten,6169
buitengewoon onderwijs,6170
specialisatieovereenkomst,6171
specialisatie van het handelsverkeer,6172
bijzondere commissie,6173
buitengewoon verlof,6174
bijzondere wetgevingsprocedure,6175
speciaal metaal,6176
speciaal polymeer,6177
speciale procedure,6178
instelling met bijzonder statuut,6179
speciaal staal,6180
buitengewone belasting,6181
spectrometrie,6183
toespraak,6185
snelheidsvoorschriften,6186
brandewijn,6188
sport,6192
sportvisserij,6193
sportmanifestatie,6194
sportorganisatie,6195
sportaccommodatie,6197
spreadsheet,6199
stabilisatie- en associatieovereenkomst,6202
stabiliteitsprogramma,6204
personeel,6205
beoordeling van het personeel,6206
personeelsstatuut,6207
stilstaand water,6210
zegelrecht,6211
norm,6212
door ziekenfondsen erkende geneeskunde,6213
normalisatie,6214
levensstandaard,6216
vaste commissie,6217
zetmeel,6220
startende onderneming,6222
staatloze,6228
noodtoestand,6230
statistische methode,6235
statistiek,6236
status van de verkozen persoon,6239
regelgevende bevoegdheid,6241
staal,6242
sterilisatie,6245
gesteriliseerde melk,6246
stille wijn,6247
stimulerend middel,6248
voorraad,6249
effectenbeurs,6250
beursnotering,6251
steen,6255
voorraadvorming,6257
opslagcapaciteit,6258
opslagkosten,6259
opslaan van levensmiddelen,6260
opslag van koolwaterstoffen,6261
opslag van afvalstoffen,6262
strategische verdediging,6266
strategisch kernwapen,6267
strategische reserve,6268
verontreiniging van de stratosfeer,6270
staking,6272
band,6273
structurele aanpassing,6274
structurele uitgave,6275
structuurbeleid,6278
structurele werkloosheid,6279
student,6280
studentenmobiliteit,6281
onderaanneming,6284
onderzeeër,6285
dochteronderneming,6288
sociale woning,6290
landbouw voor levensonderhoud,6292
vervangende brandstof,6295
subtropische zone,6297
voorstadsgebied,6298
sacharose,6303
suiker,6309
suikerbiet,6310
suikerriet,6311
suikerindustrie,6312
product op basis van suiker,6314
raffineren van suiker,6315
zelfmoord,6316
zwavel,6318
samenvatting van een tekst,6320
kort geding,6321
topconferentie,6323
zonnebloem,6325
zonnebloemolie,6326
opzichter,6329
controleorgaan,6330
toezichthoudende bevoegdheid,6331
aanvullende begroting,6333
aanvullende financiering,6334
aanvullend inkomen,6335
aanvullend pensioen,6336
complementair mechanisme,6337
leverancier,6338
overheidsopdracht voor leveringen,6339
voorziening,6340
vraag en aanbod,6341
voorzieningsbalans,6342
steunregeling,6343
steunprijs,6345
bovengronds vervoer,6348
oppervlaktewater,6349
chirurgie,6351
achternaam,6353
overtollige voorraad,6354
toezicht op de invoer,6357
opschorting van de hulp,6359
schorsing van de douanerechten,6360
staken van betalingen,6361
opschorting van de straf,6362
duurzame landbouw,6363
duurzame ontwikkeling,6364
duurzame visserij,6365
duurzame bosbouw,6366
duurzame mobiliteit,6367
swap,6368
zoetstof,6371
varkens,6372
synthetisch eiwit,6376
synthetische rubber,6377
siroop,6379
interconnectie van systemen,6381
tafelwijn,6383
tactisch kernwapen,6384
overnamebod,6387
tanker,6388
tantalium,6389
richtprijs,6391
tariefovereenkomst,6394
tarifaire handelsbelemmering,6395
tariefplafond,6396
vrijstelling van douanerechten,6397
tariefnomenclatuur,6399
tariefbeleid,6400
tariefcontingent,6402
tariefverlaging,6403
belasting,6406
belastbaar inkomen,6407
belastingadministratie,6408
belastingvlucht,6409
inning der belastingen,6410
kwijtschelding van belastingschuld,6412
belastingfraude,6413
belastingontheffing,6414
vrijstelling van belasting,6415
belastingharmonisatie,6416
taxi,6417
fiscale stimulans,6418
fiscale controle,6419
fiscaal recht,6420
fiscaal delict,6421
verbruiksbelasting,6423
loonbelasting,6424
inkomstenbelasting,6425
belasting op inkomsten uit kapitaal,6426
heffing op vetten,6427
winstbelasting,6428
belastingplichtige,6429
belastingteruggave,6430
belastinghervorming,6431
belastingaftrek,6432
belastingaangifte,6433
fiscaliteit,6434
thee,6435
opleiding van leerkrachten,6437
onderwijs,6438
onderwijsprogramma,6439
onderwijsmateriaal,6440
pedagogische methode,6441
kwaliteit van het onderwijs,6442
educatieve software,6443
teamwerk,6444
technische belemmering,6445
technische keramiek,6446
technische samenwerking,6448
technisch onderwijs,6449
technisch beroep,6450
technische voorschriften,6451
technisch reglement,6452
technische specificatie,6453
technische norm,6454
technologische verandering,6455
technologische onafhankelijkheid,6456
technologisch procédé,6457
technologie,6458
technologische evaluatie,6459
overdracht van technologie,6461
telecommunicatie,6462
telecommunicatie-industrie,6464
telegraaf,6466
telematica,6467
telefoon,6470
televisie,6473
televisietoestel,6474
werk op afstand,6475
telex,6476
gematigd bos,6478
gematigde zone,6479
tijdelijke invoer,6480
tijdelijk werk,6481
uitzendbureau,6482
pachten van een boerenbedrijf,6484
inschrijving op een aanbesteding,6485
verbreken van een contract,6486
terminologie,6488
voorwaarde van hulpverlening,6489
ecosysteem van het land,6492
territoriale bevoegdheid,6495
territoriaal recht,6496
territoriale wateren,6497
terrorisme,6499
tertiaire sector,6500
proef,6501
bevruchting in vitro,6502
textielvezel,6503
textielindustrie,6504
textielmachine,6505
textielproduct,6507
diefstal,6511
marketing,6513
therapeutische abortus,6514
thermische energie,6517
thermische apparatuur,6518
thermische isolatie,6519
thermische verontreiniging,6520
thermodynamica,6522
thesaurus,6523
proefschrift,6524
dun blad,6527
derde land,6528
wettelijkeaansprakelijkheidsverzekering,6530
aanslag op de staatsveiligheid,6532
drempelprijs,6533
getijdenenergie,6537
verkoopkantoor,6538
tin,6543
titaan,6545
tabak,6546
tabaksindustrie,6547
toiletartikel,6549
tol,6552
werktuigen,6554
foltering,6555
totale vangst,6556
toerisme,6557
toeristisch beleid,6558
toeristische statistiek,6559
toeristische uitwisseling,6560
reisgids,6561
toeristische infrastructuur,6562
toeristisch gebied,6564
stad,6565
ruimtelijke ordening,6566
stedenbouw,6568
voorschriften voor de stedenbouw,6570
stedenbouwkundige planning,6571
stadsverkeer,6572
toxicologie,6573
giftige stof,6574
traceerbaarheid,6577
spoorelement,6578
tractor,6579
handelsovereenkomst,6581
handelsbalans,6583
handelsverkeer per land,6584
handelsverkeer per product,6586
commerciële samenwerking,6587
handelskrediet,6588
commerciële informatie,6592
handel in organen,6593
tussenhandelaar,6594
handelsvergunning,6595
merk,6596
merkenrecht,6597
handelsbeleid,6598
bevordering van het handelsverkeer,6599
handelsregelingen,6600
beperkingen in het handelsverkeer,6602
handelsstatistiek,6603
vakbond,6604
vakbondsrechten,6608
omvang van het handelsverkeer,6609
exploitatierekening,6610
handelsmarge,6612
handelsverkeer,6613
omvang van de transacties,6614
traditionele visvangst,6615
traditionele technologie,6616
verkeerscontrole,6617
mensenhandel,6618
overtreding van het verkeersreglement,6619
verkeersvoorschriften,6620
bebakening,6621
bedrijfsovername,6627
opvolging in een landbouwbedrijf,6629
overdracht van pensioenrechten,6630
overbrenging van gedetineerden,6632
eigendomsoverdracht,6633
grensoverschrijdende verontreiniging,6635
grensoverschrijdend vervoer,6636
transgeen dier,6637
transgene plant,6638
doorvoer,6639
doorvoerrechten,6640
overgangsjustitie,6641
overgangseconomie,6643
vertaling,6644
translitteratie,6646
transmissienet,6647
transnationale onderneming,6648
openbaarheid van het besluitvormingsproces,6649
ongeval bij het vervoer,6650
toestemming tot vervoer,6652
vervoerscapaciteit,6653
vervoersonderneming,6654
vervoersdocument,6655
vervoerseconomie,6656
transportinfrastructuur,6657
transportverzekering,6658
vervoersrecht,6659
vervoersvergunning,6660
vervoersmarkt,6662
transportnetwerk,6663
vervoer van dieren,6664
vervoer van gevaarlijke stoffen,6665
vervoersplanning,6667
vervoerbeleid,6668
vervoerskosten,6669
vervoersvoorschriften,6671
veiligheid van het vervoer,6672
vervoerspersoneel,6673
vervoersstatistiek,6674
vervoer onder douanecontrole,6675
gebruiker van transportfaciliteiten,6676
trauma,6678
reis,6679
reisbureau,6680
passagier,6681
quaestor,6682
boom,6691
trigger price,6695
triticale,6700
teelt van tropisch gewas,6703
tropische ziekte,6704
tropisch regenwoud,6705
tropische vruchten,6706
tropisch gewas,6707
tropisch hout,6708
tropische zone,6709
trust,6710
administratiekantoor,6711
buis,6712
wolfram,6714
tunnel,6716
turbine,6717
deelneming aan de verkiezing,6722
omzet,6723
tweewielig voertuig,6728
onderneming,6729
bedrijfsvoering,6730
eenstemmigheid,6741
illegale stortplaats,6742
woeste grond,6749
ondergrondse economie,6751
ondergronds ecosysteem,6752
metro,6753
ondergrondse opslag van afvalstoffen,6754
ondergronds vervoer,6755
minerale reserves uit de zeebodem,6759
participatiemaatschappij,6761
werkloze,6762
werkloosheid,6763
technologische werkloosheid,6764
werkloosheidsverzekering,6765
onredelijk ontslag,6768
onopzettelijk delict,6784
eenheidsprijs,6802
algemene toegang tot de ziekteverzekering,6803
universele dienst,6806
algemeen kiesrecht,6807
universiteit,6808
universitair onderzoek,6810
ongeoorloofde overeenkomst,6811
onbetaald verlof,6814
onbetaald werk,6815
ongevraagde elektronische reclame,6827
bijscholing,6833
hogere klasse,6835
uranium,6840
stedelijk gebied,6841
stedelijke agglomeratie,6842
stedelijke samenleving,6843
stedelijke constructie,6844
stedelijke economie,6845
stedelijk woonmilieu,6846
stedelijke infrastructuur,6847
stadsbevolking,6849
stedelijk probleem,6850
stadsvernieuwing,6851
weg binnen de bebouwde kom,6852
stadsvervoer,6854
tweedehandsgoederen,6857
afgewerkte olie,6858
gebruik van de hulp,6859
taalgebruik,6860
gebruik van de ruimte,6861
gebruik van het water,6862
vruchtgebruik,6865
landbouwareaal,6868
vacante zetel,6872
vaccinatie,6873
vaccin,6874
betaalbaarstelling van de uitgaven,6877
vanadium,6881
vandalisme,6882
kalfsvlees,6895
groente,6896
plantaardig vet,6898
groentesap,6899
plantaardige olie,6900
product op basis van groente,6901
plantaardig eiwit,6902
voertuig,6903
voertuigdocumenten,6904
wagenpark,6905
voertuig op rails,6906
registratie van een voertuig,6908
verhuur van voertuigen,6909
durfkapitaal,6915
verticale overeenkomst,6916
financiering met zeer korte looptijd,6917
boot,6918
dierenarts,6920
veterinair geneesmiddel,6921
veterinaire inspectie,6922
veterinaire wetgeving,6923
veterinair product,6924
diergeneeskunde,6925
veto,6926
vice-voorzitter van de instelling,6928
slachtoffer,6930
werk aan het beeldscherm,6934
teleconferentie,6936
wijngaard,6944
wijnbereiding,6945
geweld,6946
geweld op school,6947
virtuele gemeenschap,6948
virtuele munteenheid,6949
virtuele bibliotheek,6950
virtual reality,6951
visuele kunsten,6955
vitamine,6956
wijnbouw,6957
beroepsonderwijs,6958
beroepskeuzevoorlichting,6959
beroepsopleiding,6961
vulkaanuitbarsting,6963
vrijwilligersorganisatie,6966
zelfbeperking,6967
overeenkomst inzake beperking,6968
vrijwilligerswerk,6969
stemming,6971
stemming via afvaardiging,6972
globale stemming,6973
uitgebrachte stem,6974
wijze van stemming,6978
loonkosten,6983
vaststelling van het loon,6984
werknemer in loondienst,6985
oorlog,6991
vloot,6998
verspilling,7001
afval,7002
afvalverwijdering,7003
verbranding van afval,7004
beheer van afvalstoffen,7005
hergebruik van afvalstoffen,7006
afvalwater,7007
water,7008
waterverbruik,7010
waterloop,7011
waterbeheer,7012
watervoorziening in de landbouw,7013
waterbeleid,7014
waterverontreinigende stof,7015
waterverontreiniging,7016
bescherming van het water,7017
watervoorraad,7019
watervoorziening,7020
waterbehandeling,7021
beroep in de binnenscheepvaart,7022
frequentieband,7023
golfslagenergie,7024
rijkdom,7026
vermogensbelasting,7027
wekelijkse rusttijd,7031
gewichten en afmetingen,7032
maten en gewichten,7033
sociale bijstand,7034
tarwe,7056
werknemer,7058
witte suiker,7059
witte wijn,7060
volle melk,7061
groothandelsprijs,7062
verkoop in het groot,7063
groothandel,7064
wild leven,7067
wild zoogdier,7068
windenergie,7069
wijn,7071
kwaliteitswijn,7072
draad,7073
opzegging van een overeenkomst,7074
onttrekken aan de markt,7076
afstand van een mandaat,7077
ophoudprijs,7078
getuigenbescherming,7079
wolf,7080
vrouw,7081
bebost oppervlak,7086
houtvezel,7087
timmerhout,7088
houtindustrie,7089
houtproduct,7090
houtafval,7092
wol,7093
tekstverwerking,7094
arbeid,7095
arbeidscontract,7096
flexibiliteit van de werknemer,7098
raadpleging van de werknemers,7099
voorlichting van de werknemers,7100
participatie van de werknemers,7101
werknemer met een beperking,7106
vlottend kapitaal,7107
arbeidsvoorwaarden,7109
arbeidsomgeving,7110
beroepsleven,7111
werkende armen,7112
beroepsbevolking,7113
agrarische beroepsbevolking,7114
arbeidsduur,7115
balans tussen werk en privé,7116
werkvergunning,7118
werkplek,7119
arbeidsproductiviteit,7120
werktijden,7121
overheidsopdracht voor werken,7122
ondernemingsraad,7123
wereld,7125
wereldverbruik,7128
internationale economie,7130
wereldgeschiedenis,7133
prijs op de wereldmarkt,7135
mondiale organisatie,7137
wereldbevolking,7139
wereldproductie,7140
redactie in de praktijk,7144
schriftelijke vraag,7145
xenofobie,7146
jaarboek,7150
jonge landbouwer,7154
jongere,7155
jeugdige werknemer,7156
gesloten opleidingsinstituut,7157
uitwisseling van jongeren,7159
jeugdbeleid,7161
jeugdwerkloosheid,7162
geweld bij jongeren,7163
zink,7174
dierentuin,7176
zoönose,7178
zoötechniek,7179
